member_id,FirstName,LastName,DOB,SSN,Street,City,State,Zip,Phone,Email,EligibilityStartDate
A00000,Danielle,Johnson,01/24/1954,935-77-3658,32181 Johnson Course Apt. 389,New Jamesside,MT,29394,794-026-5423,danielle.johnson@example.invalid,2026-01-01
A00001,Susan,Rogers,12/04/1957,986-93-8936,1559 Roman Stream,Herrerafurt,CO,72858,495-931-0341,susan.rogers@example.invalid,2026-01-01
A00002,Melissa,Delacruz,10/14/1951,904-70-1536,7525 Clark Grove Apt. 928,East Steven,KY,84387,835-030-5641,melissa.delacruz@example.invalid,2026-01-01
A00003,Jason,Hahn,04/17/1967,977-70-9196,76724 John Points Suite 969,Coxberg,NY,65187,101-226-9166,jason.hahn@example.invalid,2026-01-01
A00004,Caitlin,Mcdonald,12/21/1965,989-87-6874,018 Mack Junctions Apt. 462,Smithview,NY,23917,814-893-2528,caitlin.mcdonald@example.invalid,2026-01-01
A00005,Stephanie,Nielsen,08/19/1968,935-95-0107,570 Sarah Wells,Johnbury,FM,74865,117-182-2782,stephanie.nielsen@example.invalid,2026-01-01
A00006,Joseph,Brennan,12/14/1960,943-78-2548,83465 Lam Mission Apt. 331,Andrewside,IN,77629,301-031-0518,joseph.brennan@example.invalid,2026-01-01
A00007,John,Caldwell,06/04/1967,911-82-1585,299 Sanchez Mountains,Leeville,TN,56999,566-701-0651,john.caldwell@example.invalid,2026-01-01
A00008,John,Lee,06/20/1985,933-95-0712,62473 Scott Wall Apt. 080,Port Melindaburgh,MT,64154,736-026-0647,john.lee@example.invalid,2026-01-01
A00009,Justin,Horton,09/04/1998,948-72-9045,34309 Julie Centers Apt. 978,North Susan,CO,24857,191-361-9399,justin.horton@example.invalid,2026-01-01
A00010,Bernard,Miller,11/20/1977,946-88-3151,3534 Anderson Rue Suite 751,South Christineshire,CT,10103,838-425-1354,bernard.miller@example.invalid,2026-01-01
A00011,Eric,Bass,01/22/1948,929-94-4742,808 Huynh Cove Apt. 411,West Juan,IL,94559,534-874-0164,eric.bass@example.invalid,2026-01-01
A00012,Bradley,Cook,04/28/1950,912-82-4555,427 Hoffman Creek,Lake Rebeccaside,AZ,48894,982-620-4505,bradley.cook@example.invalid,2026-01-01
A00013,Jason,Wright,11/27/1998,946-75-6066,8692 Michelle Union,South Angel,WA,44041,634-216-0733,jason.wright@example.invalid,2026-01-01
A00014,Lisa,Stevens,04/22/1985,934-92-1170,30365 Lin Trail Suite 586,Sheilaville,FM,34738,294-019-6556,lisa.stevens@example.invalid,2026-01-01
A00015,Catherine,Dixon,09/24/1961,931-75-7574,340 Smith Valley Apt. 561,Cindyville,VA,39864,846-564-8236,catherine.dixon@example.invalid,2026-01-01
A00016,Elizabeth,Gray,05/21/1988,988-87-3599,946 Kevin Fords,Floydmouth,NH,58406,738-721-4895,elizabeth.gray@example.invalid,2026-01-01
A00017,Clarence,Crane,01/08/1981,904-95-5169,433 Andrew Gardens,Carrland,NH,54822,936-763-2016,clarence.crane@example.invalid,2026-01-01
A00018,Jeffery,Brock,05/03/1991,927-99-9293,83172 Contreras Points Suite 798,Rivasside,NV,21362,774-348-7347,jeffery.brock@example.invalid,2026-01-01
A00019,Chris,Mitchell,04/21/1980,963-82-7518,5812 Jesse Square Apt. 316,Riveramouth,MT,08662,366-909-6705,chris.mitchell@example.invalid,2026-01-01
A00020,Kenneth,Price,05/05/1958,931-93-9198,893 Robinson Mews Suite 065,Ramseymouth,PW,17229,980-699-0162,kenneth.price@example.invalid,2026-01-01
A00021,Michelle,White,12/19/1973,954-98-9561,5375 Juarez Light Suite 641,Smithside,AR,46371,310-033-0923,michelle.white@example.invalid,2026-01-01
A00022,David,Caldwell,06/08/1991,917-86-8086,4529 Kimberly Estates,Danieltown,ME,75971,663-193-1491,david.caldwell@example.invalid,2026-01-01
A00023,Laura,Knight,01/28/1951,914-74-2622,8651 Smith Manor,Garciastad,SC,60759,262-849-8776,laura.knight@example.invalid,2026-01-01
A00024,Margaret,Vargas,10/03/1994,949-82-9764,14737 Rogers Park Suite 273,Laurenmouth,KY,78640,480-831-3678,margaret.vargas@example.invalid,2026-01-01
A00025,Katherine,,09/09/1999,970-97-0189,0143 Holt Inlet Suite 788,Ronaldside,MA,46613,744-431-3518,katherine.vaughn@example.invalid,2026-01-01
A00026,Stephanie,Vaughn,11/18/1954,996-78-5574,74989 Hooper Village,West Jeremy,HI,40119,082-400-8427,stephanie.vaughn@example.invalid,2026-01-01
A00027,Curtis,Smith,05/14/1954,920-84-0054,7752 Johnny Wall Suite 116,Joneston,FL,20056,941-318-6999,curtis.smith@example.invalid,2026-01-01
A00028,Jeremiah,Mills,09/25/1973,922-86-1744,4964 Chelsea Streets Apt. 334,East Johnside,CA,21018,067-974-0344,jeremiah.mills@example.invalid,2026-01-01
A00029,Jacqueline,Gibson,11/17/1978,977-76-2505,9361 Deborah Grove,North Brian,WY,40820,994-717-4648,jacqueline.gibson@example.invalid,2026-01-01
A00030,Amber,Kim,,999-99-8690,5940 Jeremy Spring,Port Emilyview,OK,05774,278-742-9671,amber.kim@example.invalid,2026-01-01
A00031,Theodore,Ortiz,10/11/1940,962-70-1833,125 Steele Heights Suite 807,West Johnnyville,WI,53477,808-760-3859,theodore.ortiz@example.invalid,2026-01-01
A00032,Katherine,Garrett,05/08/1986,907-77-9296,48247 Martinez Roads,Lake Eric,OH,02293,861-317-1274,katherine.garrett@example.invalid,2026-01-01
A00033,William,Hill,02/24/1950,962-96-1134,3782 Lee Rapid Apt. 146,Sarahhaven,KY,00837,449-972-7875,william.hill@example.invalid,2026-01-01
A00034,Martin,Hines,03/22/1956,960-87-2706,5339 Hall Trail Suite 057,Hughesberg,NM,05353,289-517-1870,martin.hines@example.invalid,2026-01-01
A00035,Jennifer,Ortiz,9/28/73,977-83-3471,74596 Melissa Walk,Finleyfort,VI,71413,091-343-1611,jennifer.ortiz@example.invalid,2026-01-01
A00036,Scott,Benson,12/10/1965,951-91-6119,50455 Thomas Pines,Knightburgh,GA,23447,196-937-9237,scott.benson@example.invalid,2026-01-01
A00037,Dana,Stevens,09/15/1996,915-77-3682,4821 Landry Radial,Daniellechester,UT,33281,743-671-3695,dana.stevens@example.invalid,2026-01-01
A00038,Bailey,Haney,06/01/1948,975-87-3771,64090 Wall Heights Apt. 953,New John,WV,94994,210-470-9521,bailey.haney@example.invalid,2026-01-01
A00039,Renee,Murphy,01/03/1968,990-90-0965,32858 Rivas Glens Suite 451,Mccartyberg,WV,30072,685-160-4817,renee.murphy@example.invalid,2026-01-01
A00041,Derek,Chavez,05/22/1970,962-76-8835,261 Gilbert Harbors Apt. 537,Sampsonstad,CT,90374,585-064-3171,derek.chavez@example.invalid,2026-01-01
A00042,Elizabeth,May,12/19/1956,973-85-3982,53293 Maria Plaza,New Jason,VI,31040,529-042-2842,elizabeth.may@example.invalid,2026-01-01
A00043,Daniel,Delacruz,07/07/2000,912-73-7063,53950 Joseph Crossroad,Foxland,NJ,59257,589-178-3908,daniel.delacruz@example.invalid,2026-01-01
A00044,Kevin,Schneider,07/14/1985,959-97-0888,76617 Jones Common,Charleneland,DC,36547,998-569-8478,kevin.schneider@example.invalid,2026-01-01
A00045,Catherine,Garcia,01/13/1952,993-80-1791,836 Beasley Loop,Mariafurt,MT,96132,156-545-2711,catherine.garcia@example.invalid,2026-01-01
A00046,Marie,Davis,04/07/1971,968-84-2297,528 Brenda Points,Elizabethchester,MI,87708,604-945-1983,marie.davis@example.invalid,2026-01-01
A00047,Eric,Olson,03/09/1994,959-77-1236,8514 Lindsay Vista,New Sarahview,AK,24148,445-502-2961,eric.olson@example.invalid,2026-01-01
A00048,Donald,Schultz,09/04/1996,906-90-8857,83667 Moore Inlet,Kimberlyshire,PA,11636,022-901-4767,donald.schultz@example.invalid,2026-01-01
A00049,Catherine,Perry,02/25/1941,930-75-6659,156 Justin Springs,Roseport,AZ,29404,690-034-3244,catherine.perry@example.invalid,2026-01-01
A00050,Mark,Smith,08/07/2002,951-98-0961,26838 Jones Wall Apt. 607,Port Lawrencechester,OK,53509,641-605-2975,mark.smith@example.invalid,2026-01-01
A00051,Christopher,Richard,07/01/1961,949-78-7455,9681 Harrell Summit,Jeffreyburgh,CA,67411,188-355-2312,christopher.richard@example.invalid,2026-01-01
A00052,Jonathan,Thompson,07/23/1976,993-95-9106,127 Webster Trace,Maldonadoshire,SD,83770,955-271-7744,jonathan.thompson@example.invalid,2026-01-01
A00053,Brittany,Bell,03/07/2002,937-76-0959,7700 Decker Club,New Brookefurt,NH,76565,807-935-9782,brittany.bell@example.invalid,2026-01-01
A00054,Susan,Hayes,12/11/1947,907-71-9572,182 John Mill Suite 889,West Nathan,LA,51280,659-051-5186,susan.hayes@example.invalid,2026-01-01
A00055,Justin,Cummings,09/28/2001,967-75-0932,1925 Ponce Square,Andersonland,ME,73760,652-816-8505,justin.cummings@example.invalid,2026-01-01
A00056,Kyle,Bean,02/28/2005,923-72-9750,3322 Kenneth Turnpike Apt. 888,Lake Matthewberg,PA,49878,222-927-0653,kyle.bean@example.invalid,2026-01-01
A00057,Tara,Bishop,11/28/1948,930-82-1965,83473 Gregory Ports Suite 746,Burchborough,AS,79755,240-758-1814,tara.bishop@example.invalid,2026-01-01
A00058,Christopher,Martin,10/20/1971,905-89-1344,261 Lisa Keys Apt. 606,Joeland,MN,29931,051-522-0472,christopher.martin@example.invalid,2026-01-01
A00059,Katherine,Harrison,11/19/1993,972-86-5184,04328 Rodriguez Heights,West David,IA,55528,971-179-8089,katherine.harrison@example.invalid,2026-01-01
A00060,John,Thomas,04/22/1973,991-80-3911,95396 Elizabeth Corner Suite 188,South Morganton,SC,51210,540-515-3195,john.thomas@example.invalid,2026-01-01
A00061,Dennis,Bell,07/05/1973,985-90-4916,277 Lisa Circles Suite 043,Port Jameston,MD,41143,868-740-3450,dennis.bell@example.invalid,2026-01-01
A00062,Michelle,Rivera,06/25/1998,909-70-7509,6676 Beltran Parks,Richardsonhaven,KY,11329,616-928-4511,michelle.rivera@example.invalid,2026-01-01
A00063,Mark,Phillips,02/18/1952,927-86-4346,627 West Stream Suite 964,North Emilyfurt,MN,67752,202-970-2135,mark.phillips@example.invalid,2026-01-01
A00064,Michael,Herring,06/03/1956,931-81-4670,275 Wallace Club,New Michael,MD,85640,431-027-8681,michael.herring@example.invalid,2026-01-01
A00065,Jose,Green,08/27/1960,969-92-4957,94731 Melissa Mission Apt. 715,Jennaside,ND,38559,422-583-1323,jose.green@example.invalid,2026-01-01
A00066,Kristy,Johnson,11/27/1941,970-79-1698,8291 Kyle Stravenue Suite 866,East Teresaland,NV,61558,852-892-2680,kristy.johnson@example.invalid,2026-01-01
A00067,Marie,Holmes,05/04/1957,913-93-9065,25358 Singleton Glen Apt. 842,Christinaland,NY,84516,299-229-9590,marie.holmes@example.invalid,2026-01-01
A00068,Marcia,Johnson,05/10/1959,977-76-5618,943 Montgomery Burgs,Smallside,LA,84637,473-647-1027,marcia.johnson@example.invalid,2026-01-01
A00069,Robert,Marshall,11/21/1966,933-86-8005,255 Hester Curve Suite 881,Johnville,KY,59430,321-046-9632,robert.marshall@example.invalid,2026-01-01
A00070,Lisa,Peck,01/03/1972,981-83-4534,27877 Jimenez Course Suite 873,New Michael,AR,37378,797-480-1624,lisa.peck@example.invalid,2026-01-01
A00071,Jessica,Gallagher,01/11/1945,998-74-4292,60983 Tran Cliffs Suite 878,Marciaville,DC,13173,655-852-3986,jessica.gallagher@example.invalid,2026-01-01
A00072,Vincent,Williams,12/15/1960,970-92-7008,578 Hernandez Passage,West Sarah,MD,21800,694-958-8879,vincent.williams@example.invalid,2026-01-01
A00073,Kevin,Cabrera,02/03/1941,988-98-2443,1694 Candice Greens Apt. 097,New Cristina,RI,50333,230-913-0756,kevin.cabrera@example.invalid,2026-01-01
A00074,Edward,Vaughn,06/19/1944,970-74-7042,970 April Points Suite 786,Suemouth,PW,70379,585-497-3348,edward.vaughn@example.invalid,2026-01-01
A00075,Kenneth,David,01/10/1956,946-98-0654,3757 Castro Underpass Suite 419,Huangfurt,GU,45738,240-415-7473,kenneth.david@example.invalid,2026-01-01
A00076,James,Ryan,04/22/1985,931-91-1685,19933 Elizabeth Pines Apt. 301,Riverafort,CT,89786,208-267-7345,james.ryan@example.invalid,2026-01-01
A00077,Justin,Brown,09/28/1985,952-89-2533,938 Robin Extensions,Khanburgh,PW,05264,672-400-4991,justin.brown@example.invalid,2026-01-01
A00078,Sarah,Rogers,03/26/1970,922-98-6756,887 Melissa Mountain Suite 315,Lake Stephen,KS,94689,205-493-2966,sarah.rogers@example.invalid,2026-01-01
A00079,Zachary,Miller,03/24/1943,942-95-6746,27530 Reyes Mission,Stephanieport,OR,95250,904-530-1742,zachary.miller@example.invalid,2026-01-01
A00080,Richard,Shaw,05/06/1971,989-73-6268,145 Jeffrey Dale Suite 279,Robertside,PW,62213,833-918-7851,richard.shaw@example.invalid,2026-01-01
A00081,Samantha,Rodriguez,08/08/1944,925-96-7542,822 Bond Mills,Lake Jamieshire,NM,12420,870-728-6790,samantha.rodriguez@example.invalid,2026-01-01
A00082,Angelica,Chambers,05/27/1984,929-77-0388,064 Julie Prairie Apt. 065,New Virginialand,NJ,04660,462-265-6766,angelica.chambers@example.invalid,2026-01-01
A00083,Christopher,Brandt,07/11/1964,935-97-1138,512 Rice Stream,Port Adam,AK,39608,786-863-3752,christopher.brandt@example.invalid,2026-01-01
A00084,Joshua,Pineda,06/21/1975,965-82-8786,69033 Craig Bypass,Harperton,IA,97565,067-383-0284,joshua.pineda@example.invalid,2026-01-01
A00085,Jim,Hendricks,01/04/1982,933-75-9513,953 Walter Shore Apt. 644,New Stacyburgh,SC,89466,687-056-8566,jim.hendricks@example.invalid,2026-01-01
A00086,Edward,Bennett,01/04/1973,976-83-5664,34270 Faulkner Point Apt. 634,West Deborah,NV,49138,183-046-9901,edward.bennett@example.invalid,2026-01-01
A00087,Jacob,Gill,07/20/1980,965-73-6312,3540 Sharon Streets,Lake Yvonnefort,PW,32298,936-385-4678,jacob.gill@example.invalid,2026-01-01
A00088,Deborah,Parker,05/02/1964,990-83-0028,771 Gill Island Apt. 556,New Michelleberg,AK,34681,899-642-3536,deborah.parker@example.invalid,2026-01-01
A00089,Ashley,Sanchez,06/14/1965,908-91-5410,7772 Jackson Stravenue Suite 280,Port Melanieton,WV,01337,623-120-3875,ashley.sanchez@example.invalid,2026-01-01
A00090,Bruce,Little,11/28/1980,915-93-4921,700 Smith Pines Suite 840,Drakeburgh,CT,13125,823-398-4546,bruce.little@example.invalid,2026-01-01
A00091,Christian,Chung,05/22/2004,952-80-6593,334 Desiree Walks Apt. 166,Tranton,SC,01739,217-659-1803,christian.chung@example.invalid,2026-01-01
A00092,Jason,Parrish,09/05/1977,924-83-6212,0148 Harry Vista Suite 039,Port Lori,GU,52706,142-939-6856,jason.parrish@example.invalid,2026-01-01
A00093,Karla,Taylor,10/19/1962,938-82-8978,501 Hall Club,Cassiefurt,WI,43279,047-735-8662,karla.taylor@example.invalid,2026-01-01
A00094,Erin,Guerrero,05/10/1940,926-83-9503,431 Joseph Light,Lake Peter,MN,14466,104-754-1212,erin.guerrero@example.invalid,2026-01-01
A00095,Ryan,Hawkins,08/15/1981,956-91-3502,01581 Shields Bridge Suite 661,New Adriana,TX,50404,224-447-2126,ryan.hawkins@example.invalid,2026-01-01
A00096,Joshua,Evans,08/26/2005,994-75-1390,4379 Stephen Dale,Adamfurt,MA,81790,657-569-2459,joshua.evans@example.invalid,2026-01-01
A00097,Stacey,Harris,09/22/1976,981-89-5492,65479 Mark Harbors Suite 519,New Wendy,HI,89854,807-374-1672,stacey.harris@example.invalid,2026-01-01
A00098,Cynthia,Allen,04/22/1951,939-77-3263,661 Ewing Neck,Fergusonchester,ND,05319,589-113-5290,cynthia.allen@example.invalid,2026-01-01
A00099,Anna,Newman,01/02/1958,931-85-1194,6101 Walker Summit Apt. 756,Bartonshire,UT,66098,250-714-6112,anna.newman@example.invalid,2026-01-01
A00100,Michael,Cooper,07/21/1998,973-76-6292,757 Samuel Square,Floresport,AZ,93664,105-123-8282,michael.cooper@example.invalid,2026-01-01
A00101,Mark,Simmons,07/08/2003,918-90-0091,62266 Jo Flat Suite 966,Lake Jasonview,WV,92744,191-825-5371,mark.simmons@example.invalid,2026-01-01
A00102,Jose,Huffman,07/08/1953,922-95-8487,696 Michael Vista Suite 924,Lake Dennisville,IA,40527,125-286-6929,jose.huffman@example.invalid,2026-01-01
A00103,Patrick,Lopez,01/18/1999,931-99-1989,274 Jacob Ville,Harveystad,AL,64019,236-887-6767,patrick.lopez@example.invalid,2026-01-01
A00104,Tracy,Miller,03/26/1998,959-91-8703,40438 Jackson Mount,Dunnville,OK,15470,485-807-8361,tracy.miller@example.invalid,2026-01-01
A00105,Jill,Valdez,08/20/1980,992-98-8271,0745 Scott Crest,East Lisa,OR,90827,596-292-3309,jill.valdez@example.invalid,2026-01-01
A00106,Michael,Campbell,09/15/1994,920-93-7778,4494 Derek Terrace,Sellersview,VI,86470,223-253-6729,michael.campbell@example.invalid,2026-01-01
A00107,Cynthia,Burton,05/25/1997,931-96-4544,1168 Neal Wells Suite 775,Port Kimland,VA,60590,518-636-3745,cynthia.burton@example.invalid,2026-01-01
A00108,Maria,Morgan,11/08/2002,935-84-1270,750 Cory Tunnel,Smithburgh,NV,60337,063-242-4154,maria.morgan@example.invalid,2026-01-01
A00109,Christopher,Beck,04/09/1976,942-80-8850,64361 Aaron Neck,East Brittneyhaven,TX,58836,005-162-7136,christopher.beck@example.invalid,2026-01-01
A00110,Christopher,Shaffer,03/05/1950,929-82-2504,5426 Darlene Springs,North Alyssa,AL,80496,275-326-9731,christopher.shaffer@example.invalid,2026-01-01
A00111,Peggy,Taylor,02/14/1967,952-80-8891,656 Moody Gateway,Deannabury,OH,79275,994-043-8983,peggy.taylor@example.invalid,2026-01-01
A00112,Julie,Phillips,07/02/1999,926-96-6884,76137 Allison Bridge,Sarahberg,MS,74999,658-271-0910,julie.phillips@example.invalid,2026-01-01
A00113,Jose,Williams,10/23/1989,902-97-9433,8486 Miles Corner,West Christopher,CO,67518,328-569-1463,jose.williams@example.invalid,2026-01-01
A00114,Brian,Miller,08/01/1988,945-79-6390,79904 David Station Apt. 027,Alexandraview,GA,49242,241-056-4814,brian.miller@example.invalid,2026-01-01
A00115,Jennifer,Ray,09/24/1993,994-87-9884,7850 Villarreal Expressway,Ericville,MH,75724,138-000-3075,jennifer.ray@example.invalid,2026-01-01
A00116,Patrick,Hernandez,08/08/1968,934-83-7957,635 Robert Stravenue,Josephland,OK,49365,180-238-0617,patrick.hernandez@example.invalid,2026-01-01
A00117,Michelle,Ayala,07/11/1943,985-91-6625,1870 Gonzalez Port Suite 937,Brittanyfort,WI,26115,832-060-3850,michelle.ayala@example.invalid,2026-01-01
A00118,Stephanie,Smith,08/05/1961,979-87-0442,413 Robert Circle Apt. 410,Port April,UT,49324,719-182-6199,stephanie.smith@example.invalid,2026-01-01
A00119,Bryan,Bates,10/19/1990,984-70-1376,44565 Chavez Fort,East Derekshire,CT,20870,127-756-1853,bryan.bates@example.invalid,2026-01-01
A00120,Shannon,Ford,03/28/1994,959-75-0824,24903 Hernandez Station,West Randy,AR,89260,442-067-8831,shannon.ford@example.invalid,2026-01-01
A00121,Steven,Lara,07/11/1973,927-84-5356,00323 Watson Roads,New Brendaland,AK,08951,372-151-0702,steven.lara@example.invalid,2026-01-01
A00122,Sandra,Hamilton,07/09/1983,996-96-6907,0662 Lewis Ferry Suite 472,New Christinebury,SD,39181,768-701-4626,sandra.hamilton@example.invalid,2026-01-01
A00123,James,Wilkerson,02/16/1972,902-93-8838,806 Castillo Tunnel,Coopershire,NY,42654,642-059-3040,james.wilkerson@example.invalid,2026-01-01
A00124,Lindsey,Ruiz,06/08/1946,983-72-0660,321 Diane Grove Apt. 396,Savannahburgh,HI,31506,955-905-9929,lindsey.ruiz@example.invalid,2026-01-01
A00125,Stacy,Copeland,04/07/1943,902-89-2497,427 Christopher Fort Apt. 087,West Samanthaborough,AS,17604,525-002-9218,stacy.copeland@example.invalid,2026-01-01
A00126,Michelle,Yu,03/16/1970,985-73-9241,691 Turner Dale Apt. 675,Lake Tanya,UT,80941,539-264-4220,michelle.yu@example.invalid,2026-01-01
A00127,Stacy,Fry,08/23/1967,932-94-6044,029 Mccall Ridge Apt. 917,West Julie,IA,45958,521-570-4331,stacy.fry@example.invalid,2026-01-01
A00128,Michael,Buchanan,10/20/1961,995-92-1877,67626 Macias Keys,Garciafort,WY,76267,327-104-0541,michael.buchanan@example.invalid,2026-01-01
A00129,Charles,Jackson,05/04/1960,974-70-5112,18159 Bush Meadows Apt. 962,North Markborough,MT,91883,884-443-1069,charles.jackson@example.invalid,2026-01-01
A00130,Andrea,Henry,07/23/1988,925-72-9701,0614 Gonzalez Burg,East Danielle,CO,62572,146-774-1862,andrea.henry@example.invalid,2026-01-01
A00131,Nathan,James,02/23/1971,998-79-9838,0477 Perez Grove,East Karenville,CO,88075,586-938-0686,nathan.james@example.invalid,2026-01-01
A00132,Tammy,Mcdaniel,10/26/1955,905-81-8729,374 Ralph Walk Apt. 898,North Stacy,NV,23160,233-206-1632,tammy.mcdaniel@example.invalid,2026-01-01
A00133,Mary,Scott,11/12/1994,908-86-5591,68685 Stone Well,Port Isabellashire,NC,55498,162-299-9119,mary.scott@example.invalid,2026-01-01
A00134,Kimberly,Floyd,07/27/1941,962-73-7103,4679 Johnson Harbor Suite 299,Williamsmouth,UT,31640,074-505-4447,kimberly.floyd@example.invalid,2026-01-01
A00135,Michele,Cohen,11/27/1986,958-92-2507,47546 Jacob Forest,Figueroahaven,VI,49510,082-148-6289,michele.cohen@example.invalid,2026-01-01
A00136,Anthony,Lee,03/24/1995,966-90-4426,30705 Joshua View,Wagnerville,TX,04506,357-972-7985,anthony.lee@example.invalid,2026-01-01
A00137,Max,Monroe,08/14/2001,993-88-4398,140 Williams Walk Apt. 333,Denisehaven,AK,89918,072-290-3494,max.monroe@example.invalid,2026-01-01
A00138,Jennifer,Fletcher,04/27/1981,911-78-7386,6574 Steven Springs Suite 910,Annaport,ME,90208,171-545-4443,jennifer.fletcher@example.invalid,2026-01-01
A00139,Edward,Cannon,08/19/1971,978-91-6210,652 Diana Hill,Rebeccafurt,MS,97065,099-353-8758,edward.cannon@example.invalid,2026-01-01
A00140,Kevin,Jackson,01/16/1983,941-75-7989,1724 Stacey Isle,East Michaelport,MT,43927,549-471-7099,kevin.jackson@example.invalid,2026-01-01
A00141,Sheryl,Jones,06/26/1967,933-80-4582,168 Gutierrez Ways,East Victoria,MA,54134,972-521-7525,sheryl.jones@example.invalid,2026-01-01
A00142,Cynthia,Smith,09/01/1975,966-76-1403,29271 Christina Roads Suite 667,Smithside,ID,96269,505-830-0335,cynthia.smith@example.invalid,2026-01-01
A00143,Larry,Garcia,12/14/1970,962-87-3938,10447 Hamilton Spur Apt. 575,East Stacy,PW,53374,033-230-9821,larry.garcia@example.invalid,2026-01-01
A00144,Michael,Santos,11/23/2000,962-84-0283,4890 Ebony Shoal,North Hannahchester,NV,50341,184-723-0461,michael.santos@example.invalid,2026-01-01
A00145,Elaine,Nelson,05/08/1951,951-92-3987,1891 Wilson Coves,Gonzalezborough,WI,34972,835-642-0873,elaine.nelson@example.invalid,2026-01-01
A00146,Haley,Castillo,11/19/1979,947-85-9069,01197 Stacy Tunnel,Lake Jenniferview,SD,30799,744-701-2045,haley.castillo@example.invalid,2026-01-01
A00147,Laurie,Edwards,07/24/1984,970-80-5765,00225 Kline Road,Natalieland,MN,45422,216-674-6762,laurie.edwards@example.invalid,2026-01-01
A00148,Daniel,Horton,05/10/1998,932-77-1977,16979 White Light,Cherylberg,NJ,64480,167-014-5089,daniel.horton@example.invalid,2026-01-01
A00149,Jennifer,Walker,06/04/1964,995-87-3034,891 Stanley Gateway Suite 562,North Dawnburgh,NY,62011,721-753-5408,jennifer.walker@example.invalid,2026-01-01
A00150,Jeffrey,Schneider,04/24/1964,961-78-9660,17797 Melissa Mission Suite 170,South Robertside,OH,00523,199-488-3755,jeffrey.schneider@example.invalid,2026-01-01
A00151,Marcia,Velasquez,02/27/1976,924-79-3728,8997 Baldwin Crescent Apt. 305,Mariaport,OH,68918,510-272-6149,marcia.velasquez@example.invalid,2026-01-01
A00152,James,Martinez,03/10/1986,901-92-8752,73516 Sara Villages Apt. 779,South Adam,WA,06867,869-782-9221,james.martinez@example.invalid,2026-01-01
A00153,Paul,Burke,05/02/1956,906-87-4787,669 Joshua Junctions Suite 722,Morrisonhaven,ME,92447,858-333-9452,paul.burke@example.invalid,2026-01-01
A00154,Tina,Santos,11/28/1956,996-85-1681,851 Hart Prairie,Craigside,LA,55864,081-062-0034,tina.santos@example.invalid,2026-01-01
A00155,Karen,Martin,10/10/1941,960-85-7217,420 Harris Plains Apt. 571,Lake Deborah,MS,31643,840-666-5800,karen.martin@example.invalid,2026-01-01
A00156,Julia,Harris,03/02/1983,932-97-7828,59893 Kelly Fall Apt. 228,South Billyview,OH,35135,229-405-7202,julia.harris@example.invalid,2026-01-01
A00157,Sarah,Carlson,02/13/1954,962-72-9454,9851 Fox Ferry Apt. 826,Davisbury,FM,28465,555-439-8780,sarah.carlson@example.invalid,2026-01-01
A00158,Danny,Reed,03/05/1946,972-79-1396,993 Felicia Islands,Moonville,MS,34132,840-858-8770,danny.reed@example.invalid,2026-01-01
A00159,Kenneth,Pearson,02/18/1971,997-83-9934,112 Courtney Fords Apt. 613,Lucasland,WA,90422,207-501-1024,kenneth.pearson@example.invalid,2026-01-01
A00160,Angela,Andrews,09/13/1968,957-99-7254,6676 Stewart Loaf,New Adamland,WV,98274,901-581-4491,angela.andrews@example.invalid,2026-01-01
A00161,Juan,Mcintosh,10/14/1978,939-88-0987,0728 Derek Lock Suite 245,New Nancyberg,DE,05976,099-688-1435,juan.mcintosh@example.invalid,2026-01-01
A00162,Jason,Whitehead,04/21/1952,927-78-1331,23943 Howard Union,Port Karenside,NH,84999,814-141-3975,jason.whitehead@example.invalid,2026-01-01
A00163,Michael,Lambert,04/06/1960,970-72-2565,49135 Hayes Ridges,Heatherberg,OK,74800,556-205-3364,michael.lambert@example.invalid,2026-01-01
A00164,Mary,Taylor,07/15/1940,988-89-7700,7754 Arnold Extensions Apt. 428,West Jessica,SC,10523,108-099-6930,mary.taylor@example.invalid,2026-01-01
A00165,Andrea,Stephens,01/08/1977,936-92-4633,256 Patricia Radial Suite 278,South Michaeltown,TN,31811,928-272-2992,andrea.stephens@example.invalid,2026-01-01
A00166,Jill,Webb,02/22/1998,929-99-4335,37314 Young Skyway Apt. 856,Hardinton,AZ,85504,518-449-8926,jill.webb@example.invalid,2026-01-01
A00167,Desiree,Diaz,07/04/1965,969-77-2442,463 Gomez Ways,Tommyfort,FM,79696,082-723-1843,desiree.diaz@example.invalid,2026-01-01
A00168,Edward,Moore,03/03/1974,907-75-5040,365 Timothy Neck,Clarkburgh,SD,54358,030-299-2280,edward.moore@example.invalid,2026-01-01
A00169,Patricia,Thomas,08/04/1976,959-92-4983,2869 Natalie Stream,Staceyborough,NV,79999,772-369-2929,patricia.thomas@example.invalid,2026-01-01
A00170,Donna,Baker,05/17/1991,969-85-7173,9913 Cruz Coves Apt. 388,Serranoville,HI,62874,990-881-1729,donna.baker@example.invalid,2026-01-01
A00171,Amber,Smith,10/02/1950,955-93-5281,650 Perez Unions Suite 659,South Dennisfort,WI,30976,149-864-3009,amber.smith@example.invalid,2026-01-01
A00172,Alexandra,Meyer,01/03/1972,929-91-9425,356 Rodriguez Meadow Suite 486,Cherylfurt,WV,27199,688-725-8874,alexandra.meyer@example.invalid,2026-01-01
A00173,Vanessa,Lane,11/27/1942,934-88-0660,213 Logan Estates Apt. 386,Laurenton,GA,51501,012-796-1143,vanessa.lane@example.invalid,2026-01-01
A00174,Nathan,Lynch,08/17/1962,983-84-4558,9849 Sonya Viaduct Apt. 770,Port Diane,AS,68416,430-988-3920,nathan.lynch@example.invalid,2026-01-01
A00175,Michael,Pena,10/14/1963,981-96-8057,46566 April Street,North Andreaside,PW,76907,554-393-7690,michael.pena@example.invalid,2026-01-01
A00176,Jose,Russell,08/12/1951,952-80-5261,184 Arroyo Unions,Nancyshire,KS,91490,769-735-7790,jose.russell@example.invalid,2026-01-01
A00177,Timothy,Scott,03/11/1953,952-92-8118,335 Moses Path Apt. 434,South Emilymouth,CA,73187,275-539-4237,timothy.scott@example.invalid,2026-01-01
A00178,Jillian,Young,11/13/1976,997-87-0602,3333 Moore Coves,North Emmafort,RI,01369,807-595-7947,jillian.young@example.invalid,2026-01-01
A00179,Ian,Duran,02/11/1998,932-80-1900,3920 Mendoza Plains Apt. 856,South Tiffany,UT,68423,750-036-9155,ian.duran@example.invalid,2026-01-01
A00180,Chloe,Green,09/27/1991,900-91-8890,47955 Victor Fords Suite 556,Shannonshire,DC,75984,314-386-6322,chloe.green@example.invalid,2026-01-01
A00181,Thomas,Smith,07/02/1999,924-86-5928,2885 Evans Points Apt. 612,East Lisafort,MP,83058,175-455-8845,thomas.smith@example.invalid,2026-01-01
A00182,Andrew,Martinez,11/15/2003,997-71-3336,982 Kelly Spring,Hamptonmouth,FM,10778,694-722-5699,andrew.martinez@example.invalid,2026-01-01
A00183,Richard,Meadows,09/05/1974,936-84-7942,53554 Jacobs Locks,Pamstad,WA,77429,876-220-2341,richard.meadows@example.invalid,2026-01-01
A00184,Jason,Sanders,01/21/1955,977-95-3921,78006 Dalton River,North Diana,FM,51598,433-472-2820,jason.sanders@example.invalid,2026-01-01
A00185,Austin,Kelly,05/18/1960,901-87-6685,7848 Taylor Square Apt. 997,Millsside,ME,46005,783-174-5642,austin.kelly@example.invalid,2026-01-01
A00186,Kevin,Smith,04/27/1951,914-84-1925,4780 Arroyo Neck,Albertchester,AS,38894,930-853-6866,kevin.smith@example.invalid,2026-01-01
A00187,John,Espinoza,08/23/1959,937-86-4480,3416 Zachary Union Suite 484,Lopezland,HI,18408,417-974-9735,john.espinoza@example.invalid,2026-01-01
A00188,Andrew,Williams,08/16/1993,931-84-9032,14427 Jesse Drive,South Jeffchester,ME,65826,570-512-0461,andrew.williams@example.invalid,2026-01-01
A00189,Amy,White,07/07/1958,976-86-2237,0136 Wright Bypass Apt. 718,South Paul,ME,42845,208-814-7435,amy.white@example.invalid,2026-01-01
A00190,Paige,Boyer,05/25/1948,953-80-8319,36502 Richards Locks,North Tanya,OR,91039,792-513-2719,paige.boyer@example.invalid,2026-01-01
A00191,Matthew,Booker,01/10/1974,992-79-9617,52812 Hall Point,Lindamouth,VA,25793,065-240-7784,matthew.booker@example.invalid,2026-01-01
A00192,Amy,Henry,03/15/2002,968-85-5655,557 Dillon Rapid,North Amanda,NV,39255,485-708-6209,amy.henry@example.invalid,2026-01-01
A00193,Melissa,Parsons,09/25/1982,969-82-7461,1863 Cannon Drives,Marcusmouth,DE,13117,810-220-3173,melissa.parsons@example.invalid,2026-01-01
A00194,Corey,Duncan,04/23/1981,930-88-6275,789 Williams Forges Apt. 037,South Laurieton,MN,73641,650-948-0141,corey.duncan@example.invalid,2026-01-01
A00195,Shirley,Yu,07/02/1969,940-93-7750,38633 Ashley Fall,Reeseshire,MI,88908,761-228-6852,shirley.yu@example.invalid,2026-01-01
A00196,Amanda,Greene,07/22/1988,983-74-8116,8556 Mckenzie Islands Apt. 983,Cannonview,MN,59798,760-049-0824,amanda.greene@example.invalid,2026-01-01
A00197,Adam,Joyce,03/17/1944,975-80-1645,0488 Clinton Mount,Ericview,MN,76805,334-419-6931,adam.joyce@example.invalid,2026-01-01
A00198,Jennifer,Mcguire,02/17/1996,958-70-2362,9194 Jessica Ports,Millerton,PW,44330,566-139-0604,jennifer.mcguire@example.invalid,2026-01-01
A00199,Alice,Flores,11/05/1992,909-85-4343,8320 Maddox Terrace,East Ryanfurt,FL,17827,517-908-6416,alice.flores@example.invalid,2026-01-01
A00200,Warren,Ayala,10/23/1983,950-90-1316,78376 Ann Street,East Charles,WI,56870,591-166-5535,warren.ayala@example.invalid,2026-01-01
A00201,Melvin,Rios,11/28/1982,968-82-5189,59792 Williams Viaduct Apt. 352,North Jodibury,RI,19857,405-147-7053,melvin.rios@example.invalid,2026-01-01
A00202,Jody,Lewis,09/02/2002,979-72-3847,792 Nicholas Shore Apt. 420,Jamesview,AR,61444,016-451-0463,jody.lewis@example.invalid,2026-01-01
A00203,Tina,Romero,04/24/1976,911-83-1613,7981 James Mount,North Johnhaven,ME,44222,762-055-5438,tina.romero@example.invalid,2026-01-01
A00204,Joshua,Brown,08/06/1952,988-79-0475,0843 Matthew Lock Apt. 168,South John,FL,56398,495-782-3298,joshua.brown@example.invalid,2026-01-01
A00205,Gabriella,Harris,06/26/1945,907-79-5874,8262 Lonnie Point,East Lonnieberg,VA,04365,566-474-2312,gabriella.harris@example.invalid,2026-01-01
A00206,Jack,Farmer,07/05/1987,931-86-6752,993 Jerry Burg Suite 172,Josephstad,HI,51286,772-233-0604,jack.farmer@example.invalid,2026-01-01
A00207,Stephanie,Walker,03/06/1963,910-89-6268,12797 Delacruz Gateway,Sullivanton,PA,96882,656-999-8808,stephanie.walker@example.invalid,2026-01-01
A00208,Daniel,Bryant,08/19/1970,918-77-7556,88608 Black Roads,East Kellyfurt,FM,40419,472-649-0827,daniel.bryant@example.invalid,2026-01-01
A00209,Maria,Hayes,08/09/1972,985-70-7623,98266 Hayes Fall,Garzaborough,FM,60097,145-211-1751,maria.hayes@example.invalid,2026-01-01
A00210,Alexandria,Cruz,11/18/1976,920-72-7238,8602 Cunningham Shoals,East Misty,HI,93830,064-474-2123,alexandria.cruz@example.invalid,2026-01-01
A00211,Adam,Cannon,10/10/1984,981-83-4098,7780 Young Radial,Chavezmouth,CO,79303,903-849-8302,adam.cannon@example.invalid,2026-01-01
A00212,Eddie,Delgado,05/07/1998,949-97-7917,09945 Brandon Mall,East Emily,RI,87129,998-279-5014,eddie.delgado@example.invalid,2026-01-01
A00213,Marcus,Merritt,04/13/1953,973-81-9418,8147 David Wall,Markchester,NC,28005,390-198-1794,marcus.merritt@example.invalid,2026-01-01
A00214,Ronald,Abbott,12/10/1977,902-96-6485,995 Christina Parks Suite 729,Lake Kelly,ID,00708,107-139-6605,ronald.abbott@example.invalid,2026-01-01
A00215,Michael,Shaffer,01/19/1975,987-94-0804,34414 Hunter Islands,North Ginamouth,MO,95449,990-235-5770,michael.shaffer@example.invalid,2026-01-01
A00216,Debbie,Olson,05/25/2003,929-89-5773,576 Mary Hills Suite 880,New Gina,AS,46847,124-056-8299,debbie.olson@example.invalid,2026-01-01
A00217,Perry,Larson,11/07/1968,979-78-2241,504 Miller Wells Apt. 574,New Kevin,DE,49550,031-780-7823,perry.larson@example.invalid,2026-01-01
A00218,Matthew,Webb,11/21/1952,905-79-7223,2182 Jenny Mount Suite 810,Sarahland,MA,61695,018-409-4353,matthew.webb@example.invalid,2026-01-01
A00219,James,Hill,10/12/1944,993-74-1477,1422 Wilson Road Apt. 385,Josephport,OK,32590,214-958-7020,james.hill@example.invalid,2026-01-01
A00220,Thomas,Lowe,06/24/1977,953-75-3290,0166 Janet Ramp,Jensenport,MA,26472,817-921-7174,thomas.lowe@example.invalid,2026-01-01
A00221,Gabrielle,Mckinney,09/12/1956,967-86-4466,3329 Durham Lock Apt. 557,Johnsonfort,DE,46565,772-459-9281,gabrielle.mckinney@example.invalid,2026-01-01
A00222,Richard,Klein,05/27/1961,961-95-4836,8148 Morales Loop,New John,GA,63726,615-396-6958,richard.klein@example.invalid,2026-01-01
A00223,Heather,Thompson,02/15/1983,909-74-3697,971 Nguyen Court,Thompsonfurt,CA,78916,196-570-1329,heather.thompson@example.invalid,2026-01-01
A00224,Rebecca,Fields,09/12/1990,911-95-6465,27846 Gonzalez Springs,Kevinport,PW,57481,519-098-6240,rebecca.fields@example.invalid,2026-01-01
A00225,Mike,Dunn,05/18/1941,915-84-6039,85140 Ryan Ramp,Garrettfurt,MO,50513,683-272-3865,mike.dunn@example.invalid,2026-01-01
A00226,Mary,Moore,10/13/1973,981-81-1776,01027 Proctor Dale,East Dawnchester,VI,60273,969-278-6876,mary.moore@example.invalid,2026-01-01
A00227,Michael,Lopez,08/01/1969,979-98-9199,738 Jenkins Plains,Arthurton,OK,63843,519-712-8478,michael.lopez@example.invalid,2026-01-01
A00228,Christian,Wu,10/08/1981,982-72-7607,71894 Rebecca Place,South Shawnfort,OK,96683,565-442-0949,christian.wu@example.invalid,2026-01-01
A00229,Jorge,Soto,11/14/1978,914-74-0743,049 Justin Corner,New Chase,WY,36919,429-444-0192,jorge.soto@example.invalid,2026-01-01
A00230,Renee,Stevenson,05/16/1944,914-73-3847,2437 Lauren Wall Apt. 512,Port Tyler,MT,50723,372-395-0410,renee.stevenson@example.invalid,2026-01-01
A00231,Gary,Ross,07/15/1957,947-91-8851,8366 Baker Pines Suite 047,Gregoryhaven,TX,05877,185-694-5441,gary.ross@example.invalid,2026-01-01
A00232,Jonathan,Silva,10/24/1993,993-74-6798,393 Byrd Falls Suite 800,North Roberthaven,CT,90350,753-443-0091,jonathan.silva@example.invalid,2026-01-01
A00233,Brian,Wheeler,08/20/1952,952-78-0537,111 Nicholas Track,North Heather,KS,39110,717-465-4214,brian.wheeler@example.invalid,2026-01-01
A00234,Kimberly,Reyes,04/15/1987,956-77-5943,44271 Krause Flats Suite 271,New Kayla,IL,80974,174-101-1947,kimberly.reyes@example.invalid,2026-01-01
A00235,Andrew,Jimenez,11/12/1952,969-98-5877,64256 Zachary Trail,Mendozafurt,PR,95890,183-067-1985,andrew.jimenez@example.invalid,2026-01-01
A00236,Mathew,Turner,07/09/1947,924-73-7451,158 Miller Mount,Deborahburgh,OH,05656,634-615-7173,mathew.turner@example.invalid,2026-01-01
A00237,Donald,Lee,11/07/1951,982-90-9784,6184 Ferguson Village,Levytown,AZ,44971,050-613-8782,donald.lee@example.invalid,2026-01-01
A00238,Joyce,Hall,01/26/1942,942-77-2064,27079 John Run,North Gerald,AR,40784,179-291-1179,joyce.hall@example.invalid,2026-01-01
A00239,Lauren,Walker,02/27/1966,997-87-3395,5651 Marc Underpass,Port Brandon,HI,44476,114-262-5827,lauren.walker@example.invalid,2026-01-01
A00240,John,Perkins,04/11/1967,999-74-9765,96207 Adam Fall,Lake Deniseport,MT,91399,723-248-7632,john.perkins@example.invalid,2026-01-01
A00241,Cheryl,Johnson,05/28/1940,918-74-8851,791 Bailey Avenue,East David,NC,13042,958-837-3403,cheryl.johnson@example.invalid,2026-01-01
A00242,Daniel,Hernandez,03/04/1972,984-97-0423,2200 Mitchell Mews Suite 597,North Joyside,HI,21216,078-113-7995,daniel.hernandez@example.invalid,2026-01-01
A00243,Robert,Burgess,01/12/1956,930-88-5305,15313 Kane Lane Apt. 179,Brownchester,FL,28834,972-652-7354,robert.burgess@example.invalid,2026-01-01
A00244,James,Martinez,03/09/1942,906-74-6898,2177 Jackson Junctions,West Cassandra,WY,84124,929-831-6873,james.martinez@example.invalid,2026-01-01
A00245,Brittany,Hood,12/03/1954,960-84-5932,63356 Patricia Ramp Apt. 906,North Vickiehaven,AZ,56298,867-177-3180,brittany.hood@example.invalid,2026-01-01
A00246,Heather,Russell,10/04/2005,957-86-3630,54310 Caldwell Estates,Hodgeshire,AK,60117,726-257-0165,heather.russell@example.invalid,2026-01-01
A00247,Alyssa,Phillips,12/26/1945,984-86-4942,989 Kristin Common Suite 085,North Patrickmouth,RI,05858,552-818-3253,alyssa.phillips@example.invalid,2026-01-01
A00248,Amber,Banks,11/01/1998,907-85-6581,355 Gordon Manors,Brianstad,MI,59799,788-178-8479,amber.banks@example.invalid,2026-01-01
A00249,Micheal,Nunez,11/04/1994,962-92-7268,71162 Mullen Club,East Joshuaberg,NM,20227,380-468-2756,micheal.nunez@example.invalid,2026-01-01
A00250,Scott,Newman,02/11/1949,977-74-1077,10385 Lane Shoal Suite 798,Ellisshire,DC,40673,243-754-0254,scott.newman@example.invalid,2026-01-01
A00251,Stephen,Jackson,05/20/1956,981-88-8985,842 Mary Square,East John,AZ,42001,927-452-3805,stephen.jackson@example.invalid,2026-01-01
A00252,Tiffany,Hernandez,07/20/1981,967-79-7434,284 Samantha Lodge Suite 275,North Tara,ND,67008,547-492-9751,tiffany.hernandez@example.invalid,2026-01-01
A00253,Jessica,Mccullough,10/14/2004,912-95-1875,814 Richard Ville,South Michael,MD,07714,939-834-3018,jessica.mccullough@example.invalid,2026-01-01
A00254,Melissa,Rhodes,07/15/1967,929-83-5554,637 Morrison Pass,Lake Michaelberg,VT,56552,565-045-5478,melissa.rhodes@example.invalid,2026-01-01
A00255,Christopher,Luna,07/14/1998,993-73-5121,674 Linda Manors Suite 299,East Jaredfort,VI,69353,519-610-6462,christopher.luna@example.invalid,2026-01-01
A00256,Angela,Page,06/22/1994,932-81-2501,26487 Mackenzie Hollow,Troymouth,IN,04018,024-471-4627,angela.page@example.invalid,2026-01-01
A00257,Rebecca,Newman,02/03/2000,910-72-7076,47195 Cunningham Ways,Courtneyfort,UT,16175,589-042-9025,rebecca.newman@example.invalid,2026-01-01
A00258,Steven,Steele,12/24/1952,947-95-2132,04565 Keith Pines Apt. 832,New Karenside,MD,41947,445-189-5202,steven.steele@example.invalid,2026-01-01
A00259,April,Watson,10/18/1947,971-80-2003,5213 Wesley Village Apt. 898,South Stevenland,DE,17701,075-452-7985,april.watson@example.invalid,2026-01-01
A00260,Gerald,Torres,06/28/1992,985-94-6930,22342 David Common,Vazquezville,CA,02965,760-310-8907,gerald.torres@example.invalid,2026-01-01
A00261,David,King,05/20/1946,939-81-1698,0119 Briana Flats,Lake Michael,CO,19579,495-528-9389,david.king@example.invalid,2026-01-01
A00262,Carlos,Weiss,04/05/2004,984-85-3675,334 Rachel Plain,Lake Coreyborough,PW,66586,759-271-2566,carlos.weiss@example.invalid,2026-01-01
A00263,Jason,Perez,06/28/1953,971-81-1883,1718 Tyler Lake,Angelaton,CO,43507,716-479-4738,jason.perez@example.invalid,2026-01-01
A00264,Richard,Mercer,10/08/1975,954-97-9191,17520 Powers Locks Suite 811,South Richard,OR,13833,215-353-9613,richard.mercer@example.invalid,2026-01-01
A00265,Mary,Hardy,10/22/1943,988-78-0475,994 Kelly Shores Suite 784,Port Shawn,DE,33359,773-201-0170,mary.hardy@example.invalid,2026-01-01
A00266,Teresa,Reyes,05/23/1963,997-79-5568,49911 Sparks Flats Suite 778,Amyside,ND,02817,061-675-6770,teresa.reyes@example.invalid,2026-01-01
A00267,Antonio,Hawkins,01/06/1984,918-88-6567,276 Larry Loaf Suite 197,Alvarezburgh,NY,07806,647-969-5450,antonio.hawkins@example.invalid,2026-01-01
A00268,Anthony,Williams,03/24/1948,981-70-1504,9056 Ronnie Knolls Suite 503,East Deborah,OR,11634,141-520-8507,anthony.williams@example.invalid,2026-01-01
A00269,Diane,Henderson,07/14/1967,958-80-2579,0790 Gray Loaf Suite 917,Lake Emilymouth,NM,66399,529-456-3718,diane.henderson@example.invalid,2026-01-01
A00270,Jason,Baker,05/24/1987,941-94-9300,639 Jennifer Prairie Apt. 954,New Lauriefort,NE,27991,514-846-8536,jason.baker@example.invalid,2026-01-01
A00271,Richard,Weber,01/05/1950,920-94-0816,820 Barbara Forest Suite 489,Michaelton,NC,26800,572-324-6651,richard.weber@example.invalid,2026-01-01
A00272,Cynthia,Singleton,05/15/1950,984-83-7958,2493 Allen Drive Apt. 034,Washingtonchester,NE,85294,032-420-4482,cynthia.singleton@example.invalid,2026-01-01
A00273,Dawn,Williams,07/09/1996,927-94-8395,01594 Rachel Lodge Suite 162,North Ashley,NY,16313,898-471-3915,dawn.williams@example.invalid,2026-01-01
A00274,Mark,Silva,06/14/1954,914-79-9718,363 Daniel Forest Suite 764,South Amandaville,MD,72032,673-425-7540,mark.silva@example.invalid,2026-01-01
A00275,Deanna,Stein,09/22/2002,939-71-3613,034 Parker Squares,Rebeccaville,ND,31484,760-644-1343,deanna.stein@example.invalid,2026-01-01
A00276,Michele,Martin,10/02/1990,900-76-4939,560 Delacruz View Suite 765,Mcdowellville,GU,21517,481-569-8570,michele.martin@example.invalid,2026-01-01
A00277,Kathleen,Davidson,03/25/1967,932-79-5376,720 Gonzalez Inlet,Barbaraville,GA,33217,829-657-7242,kathleen.davidson@example.invalid,2026-01-01
A00278,Grace,Serrano,01/16/1955,995-83-2879,16526 Duffy Ports Apt. 008,North Terri,ID,34813,206-969-4215,grace.serrano@example.invalid,2026-01-01
A00279,George,Bradley,07/18/1956,990-77-8197,867 Wilson Station,East Sophia,GU,35392,476-263-9343,george.bradley@example.invalid,2026-01-01
A00280,Robert,Ortiz,02/13/1985,994-71-7148,44397 Mike Spur,Millerfort,DC,42869,636-694-1180,robert.ortiz@example.invalid,2026-01-01
A00281,Brett,Galvan,08/03/1942,940-88-7034,9900 Wagner Light Suite 652,New Harryburgh,NY,65098,572-158-6241,brett.galvan@example.invalid,2026-01-01
A00282,Lawrence,Good,12/21/1991,953-79-1888,5644 Black Mews Apt. 572,Brownberg,AR,30629,207-427-6170,lawrence.good@example.invalid,2026-01-01
A00283,Scott,Zhang,01/11/1991,921-95-7539,7121 Davis Ways Suite 228,Annashire,IL,76987,089-261-3715,scott.zhang@example.invalid,2026-01-01
A00284,Anthony,Maldonado,02/14/1986,913-77-7139,5915 Anthony Mount,Gibsonview,PA,86747,050-975-9230,anthony.maldonado@example.invalid,2026-01-01
A00285,Laurie,Campbell,09/03/1991,950-97-5084,189 Davis Glens,East Tammy,VI,52787,103-266-4214,laurie.campbell@example.invalid,2026-01-01
A00286,Travis,Reynolds,04/11/1983,999-75-1252,925 Marilyn Passage Apt. 776,Adamschester,CO,99655,659-266-1085,travis.reynolds@example.invalid,2026-01-01
A00287,Teresa,Rhodes,11/04/2005,967-86-3177,8814 Kim Unions,Evansberg,TX,39876,386-490-8108,teresa.rhodes@example.invalid,2026-01-01
A00288,Daniel,Coleman,06/24/1984,982-96-2420,9454 Kayla Brook,Lake Dorothyburgh,WY,24383,601-645-9779,daniel.coleman@example.invalid,2026-01-01
A00289,Lindsey,Peterson,02/05/1970,932-76-2843,21941 Ferguson Avenue,Wilsonburgh,SD,63038,769-749-9564,lindsey.peterson@example.invalid,2026-01-01
A00290,Christopher,Taylor,11/03/1959,922-94-8096,03037 Debra Mews,North Kevin,NH,19921,760-122-7770,christopher.taylor@example.invalid,2026-01-01
A00291,Michelle,Richards,10/25/1999,974-84-9249,9605 Curtis Vista,Pettyfort,WA,76347,984-076-7899,michelle.richards@example.invalid,2026-01-01
A00292,Savannah,Stein,11/11/1981,919-84-1119,08069 Tran Grove Suite 717,Shanechester,AK,21647,437-573-8395,savannah.stein@example.invalid,2026-01-01
A00293,Sandra,Castaneda,08/21/2000,938-95-4501,46657 Christy Haven Apt. 722,East Catherine,CT,55024,743-380-0545,sandra.castaneda@example.invalid,2026-01-01
A00294,Erica,Thompson,06/17/1947,909-79-7566,56193 Anna Oval,Victoriastad,WI,06618,842-891-0771,erica.thompson@example.invalid,2026-01-01
A00295,Theresa,Harrington,01/02/1997,947-96-4704,081 Crystal Ways,West Eric,LA,93321,787-125-5213,theresa.harrington@example.invalid,2026-01-01
A00296,Scott,Perry,11/28/1949,911-89-9734,75482 Joseph Stravenue,Wardbury,FL,99225,863-266-6785,scott.perry@example.invalid,2026-01-01
A00297,Sherry,Ramos,07/15/2004,974-87-0673,811 Edwards Trail,South Bryan,WV,05362,290-846-6845,sherry.ramos@example.invalid,2026-01-01
A00298,Regina,Smith,10/21/1997,924-80-9913,926 Schneider Plains Suite 563,Christopherside,MA,51618,288-431-8848,regina.smith@example.invalid,2026-01-01
A00299,Matthew,Reid,09/05/2000,907-84-1696,89434 Benitez Creek,Port Nathanhaven,MI,16729,017-490-7539,matthew.reid@example.invalid,2026-01-01
