ext_id,given_name,family_name,date_of_birth,ssn_last4,address_line1,address_city,address_state,address_zip,phone_number,email_address
B00000,Ariana,Kline,1983-12-03,2828,4492 Stone Gateway,West Zacharyborough,GU,47853,712-661-1062,ariana.kline@example.invalid
B00001,Thomas,Griffin,1945-04-23,8587,869 Wiggins Prairie Suite 677,Colonberg,NY,17163,772-881-3770,thomas.griffin@example.invalid
B00002,Julie,Raymond,1960-06-12,6698,96115 Williams Drives Apt. 545,Kellytown,WY,19227,296-044-3270,julie.raymond@example.invalid
B00003,David,Bailey,1983-11-20,5483,7949 Mccullough Tunnel,Alvarezberg,WV,18657,877-725-1996,david.bailey@example.invalid
B00004,Paul,Mccullough,1948-06-04,6334,074 Michelle Station Apt. 948,Lake Anitaborough,RI,71520,909-837-8018,paul.mccullough@example.invalid
B00005,Hector,Smith,1976-05-24,9875,97189 Morales Cape,Atkinstown,MA,57781,260-856-4111,hector.smith@example.invalid
B00005,Hector,Smith,1976-05-24,9875,97189 Morales Cape (prior),Atkinstown,MA,57781,260-856-4111,hector.smith@example.invalid
B00006,Amber,Mitchell,1959-06-03,2318,1246 Brian Islands,North Jennifer,ME,51611,152-654-6103,amber.mitchell@example.invalid
B00007,John,Harper,1984-05-21,6422,8861 Brown Mountain,Jonestown,MT,83540,304-891-3824,john.harper@example.invalid
B00008,Ashley,Griffin,1956-10-23,9158,58238 Ali Point,Williamsmouth,MP,81861,420-074-9465,ashley.griffin@example.invalid
B00009,Megan,Lewis,1988-11-26,2094,28914 Randall Crossing Apt. 846,New William,AS,42221,547-435-5379,megan.lewis@example.invalid
B00010,Mark,,1951-11-22,5929,097 Rachel Spring,South Angela,UT,92683,768-118-0715,mark.sloan@example.invalid
B00011,Teresa,Bennett,1942-06-10,5599,2017 Mayer Mills Apt. 304,Jamesport,AS,94585,337-504-7930,teresa.bennett@example.invalid
B00012,James,Nicholson,2002-04-08,1265,49872 Donna Port Apt. 192,East Jordanshire,PR,30380,843-089-4870,james.nicholson@example.invalid
B00013,Sharon,Davidson,1977-02-17,8627,6641 Simpson Path,Lake Jeffreyview,PW,55559,875-063-5190,sharon.davidson@example.invalid
B00014,Veronica,Perez,1944-11-11,2148,33254 Connie Court Apt. 760,Marybury,CT,62573,350-583-1997,veronica.perez@example.invalid
B00015,Kathryn,Garrett,,2713,00651 Bryan Unions,Brownchester,CA,13847,080-466-1963,kathryn.garrett@example.invalid
B00016,Michelle,Cobb,1996-01-14,3892,6769 Matthew Spring,South Zacharyshire,ID,14657,109-193-9284,michelle.cobb@example.invalid
B00017,Michael,Olson,1996-10-10,7356,32002 Silva Passage Suite 498,East Terrance,PA,45445,450-892-0388,michael.olson@example.invalid
B00018,Michele,Henderson,1969-09-08,7685,31537 Greene Isle,Christinachester,MA,21771,170-730-3379,michele.henderson@example.invalid
B00019,Jason,Castillo,1964-06-22,7565,636 Margaret Avenue Suite 015,New Dariusport,NV,25981,950-033-4234,jason.castillo@example.invalid
B00020,Jennifer,Morgan,76-07-17,2656,30241 Marie Dam,Penaville,MA,28057,473-552-8961,jennifer.morgan@example.invalid
B00021,David,Andrade,1965-10-05,7874,38655 Rowland Gardens,Port Christinaborough,PR,70685,425-304-2897,david.andrade@example.invalid
B00022,Jason,Miller,1987-09-04,8453,912 Potter Rue Suite 787,West Jennifer,NC,91531,777-496-9033,jason.miller@example.invalid
B00023,Patricia,Hayes,1955-05-03,4470,3466 Selena Landing,Andreaberg,WV,11514,478-539-0789,patricia.hayes@example.invalid
B00024,Matthew,Hayes,1997-09-05,3638,5754 Johnson Mills Apt. 415,West Meganhaven,ND,84866,143-111-5083,matthew.hayes@example.invalid
B00025,Matthew,Leonard,1997-06-01,6496,4392 Smith Hills Suite 566,South Destinyberg,VI,52602,333-738-9877,matthew.leonard@example.invalid
B00026,Matthew,Miller,2004-06-08,6143,6377 Nicholas Ports,West Sherry,AL,66010,553-666-8459,matthew.miller@example.invalid
B00027,Andrew,Floyd,1968-01-11,5494,59999 Baird Ford,Brownfurt,ID,62731,159-741-2182,andrew.floyd@example.invalid
B00028,Antonio,Barker,1958-03-02,7741,23164 Jesse Shoals Apt. 705,East Markchester,MO,21083,128-671-6323,antonio.barker@example.invalid
B00029,Kyle,Meyers,1957-12-16,0087,99493 Hill Avenue Apt. 716,New Mark,OK,64851,779-014-7546,kyle.meyers@example.invalid
B00030,Chloe,Patrick,1950-01-09,2450,3296 Cruz Shoals,Lake Ashley,MO,92073,032-484-1376,chloe.patrick@example.invalid
B00031,Victoria,Tran,1994-02-25,4935,18567 Johnny Parkways Apt. 701,Jamesfurt,PR,25981,600-412-5777,victoria.tran@example.invalid
B00032,Carlos,Kelley,1955-01-08,7490,727 Skinner Extension,New Craigport,DE,70579,621-042-7523,carlos.kelley@example.invalid
B00033,Jennifer,Stafford,1948-02-27,8783,0816 Wallace Rapid,North Kelseyborough,IA,49606,331-060-0531,jennifer.stafford@example.invalid
B00034,Jeffrey,Khan,1942-11-17,2353,206 Lisa Islands,New Jamie,ND,52282,613-315-5206,jeffrey.khan@example.invalid
B00035,Destiny,Smith,1977-07-01,3942,3149 Williams Forge,Turnerfort,CT,93893,892-419-5625,destiny.smith@example.invalid
B00036,Gregory,Gill,1993-03-22,8577,715 Charlotte Prairie Suite 683,East Andrewville,ME,31485,639-102-5743,gregory.gill@example.invalid
B00037,Edward,Harris,1986-02-17,8317,97524 Schneider Trace,New Latoyachester,SD,38309,035-533-8033,edward.harris@example.invalid
B00038,Cathy,James,1942-07-28,6339,70171 Brett Divide Apt. 212,East William,NE,95526,742-336-2934,cathy.james@example.invalid
B00039,Justin,West,1987-05-24,1107,7156 Jackson Mill,Wagnerchester,WV,20932,706-614-9828,justin.west@example.invalid
B00040,Jessica,Scott,1984-04-24,1699,7468 Jones Dale Suite 323,North Michellestad,NM,53526,665-674-9160,jessica.scott@example.invalid
B00041,Victoria,Martinez,1982-03-02,5547,64587 Horton Run,Housebury,IA,63117,050-249-7243,victoria.martinez@example.invalid
B00042,Carrie,Lynn,1962-11-15,2987,11669 April Field,Martinchester,KS,91181,488-694-6119,carrie.lynn@example.invalid
B00043,Kimberly,Cooper,1957-02-23,0606,3640 Lisa Alley,North Kimchester,NC,55137,462-252-2372,kimberly.cooper@example.invalid
B00044,Wayne,Rodriguez,1977-04-02,0687,30234 Alexander Road,Port Danaland,LA,11734,614-150-9377,wayne.rodriguez@example.invalid
B00045,Emily,Garcia,1980-05-17,8898,0901 Alexa Avenue,Morrisonview,NM,62528,596-555-5356,emily.garcia@example.invalid
B00046,Nicholas,Brown,2000-05-02,3132,1076 Anthony Crossing Suite 357,Robertsonborough,AL,84134,505-057-3976,nicholas.brown@example.invalid
B00047,Jocelyn,Bauer,1976-06-28,5439,7164 Jennifer Ways Apt. 271,Marisaside,VI,61685,271-783-3321,jocelyn.bauer@example.invalid
B00048,Daniel,Holder,1974-02-26,6554,56434 Lynn Skyway,Lake Derekside,SC,95582,715-399-1566,daniel.holder@example.invalid
B00049,Desiree,Glover,1996-07-11,8152,34141 Christopher Streets Apt. 195,Port Lawrence,MS,76118,040-983-6655,desiree.glover@example.invalid
B00050,Lauren,Peck,1987-09-09,6956,993 Randall Plain,Stewartport,MP,29193,772-942-0954,lauren.peck@example.invalid
B00051,Wayne,Barker,1950-07-20,4814,973 Carter Lane Apt. 523,Lake Jill,VI,23965,764-208-6567,wayne.barker@example.invalid
B00052,Veronica,Todd,1981-02-03,4844,84438 Davis Islands Apt. 472,South Heather,LA,19483,333-059-1266,veronica.todd@example.invalid
B00053,Erin,Jackson,1979-08-20,2731,57201 Watkins Drive,Sanchezville,IA,52490,749-261-7647,erin.jackson@example.invalid
B00054,Michael,Wilson,1996-06-15,5777,78309 Hill Summit,Port Brittanyfurt,NJ,84989,649-215-1826,michael.wilson@example.invalid
B00055,Lisa,Smith,1995-05-21,6656,89813 Henry Rapid Apt. 087,Davidberg,OK,27531,218-401-1845,lisa.smith@example.invalid
B00056,Tammy,Jackson,1986-09-26,2622,40848 Taylor Overpass,Alexandrastad,PA,71045,831-030-3243,tammy.jackson@example.invalid
B00057,Susan,Guzman,1943-03-28,7180,542 Jones Glens,Patrickburgh,MO,60278,146-283-1435,susan.guzman@example.invalid
B00058,Anne,Holland,1944-03-03,6002,2566 Tamara Gateway,West Davidville,TX,72376,615-155-4234,anne.holland@example.invalid
B00059,Alejandro,Bennett,1986-07-19,2514,1128 Chapman Valley,Davisstad,UT,75494,484-910-2562,alejandro.bennett@example.invalid
B00060,Michael,Figueroa,1997-06-12,1260,9240 Diane Divide Suite 940,Jasminebury,TX,80284,672-757-8446,michael.figueroa@example.invalid
B00061,Abigail,Higgins,1957-09-12,4567,1465 Cynthia Club,North Frederick,AR,11587,487-068-2778,abigail.higgins@example.invalid
B00062,Gina,Rhodes,1971-02-01,8177,0930 Park Summit,Johnhaven,TX,80349,097-283-2152,gina.rhodes@example.invalid
B00063,Willie,Farley,1989-09-04,4265,6251 Sloan Gateway Apt. 447,Josephtown,WA,83230,963-480-7970,willie.farley@example.invalid
B00064,Michael,Gilbert,1997-04-20,8048,5105 Richard Branch Apt. 673,New Willieberg,MT,16733,702-437-6545,michael.gilbert@example.invalid
B00065,Ross,White,1965-02-05,2829,77225 Smith Ways Apt. 134,East Ralphmouth,MH,04643,237-416-7872,ross.white@example.invalid
B00066,Mark,Duran,1996-02-26,5237,621 Laura Crossroad Apt. 580,North Erika,MA,56818,906-744-7163,mark.duran@example.invalid
B00067,Christina,Daniel,1984-12-03,4758,41436 Thomas Tunnel,Lake Jessicaburgh,ID,77990,231-260-4326,christina.daniel@example.invalid
B00068,Andres,Gonzalez,1978-03-23,2853,6843 Matthew Neck,New Ronaldton,ME,14926,454-563-5020,andres.gonzalez@example.invalid
B00069,Aaron,Guerrero,1986-09-08,2276,47491 Lopez Overpass Suite 541,Lake Alexanderside,WI,17580,555-989-5343,aaron.guerrero@example.invalid
B00070,Breanna,Miller,1970-08-01,9377,91093 Janet Courts,New Christineport,VA,62655,382-023-6848,breanna.miller@example.invalid
B00071,Theresa,Jacobson,1987-08-26,1413,161 Barnes Parkway Apt. 294,West Brandon,OK,08469,367-881-2786,theresa.jacobson@example.invalid
B00072,Anna,Myers,1948-05-13,7843,20293 Natasha Turnpike Suite 884,Melissaport,VT,35695,812-308-3402,anna.myers@example.invalid
B00073,Sheri,Ramirez,1992-07-27,2054,0338 Aaron Key,Markside,KS,95145,269-450-0534,sheri.ramirez@example.invalid
B00074,Gregory,Bonilla,1980-11-03,8477,649 Lisa Forges,Josephshire,SC,99184,627-365-2717,gregory.bonilla@example.invalid
B00075,Hunter,Lopez,1984-03-27,9631,97240 Martin Fall,Mcdanielborough,CA,19312,163-761-8209,hunter.lopez@example.invalid
B00076,Cory,Cruz,1963-03-14,0908,02314 Sheena Rapid,Port Tammyville,ND,96987,513-279-7245,cory.cruz@example.invalid
B00077,Timothy,Sanchez,1955-09-05,2654,810 Curtis Hill Apt. 862,East Andrewchester,MS,19817,543-617-2131,timothy.sanchez@example.invalid
B00078,Stephanie,Campbell,1981-12-08,4654,515 Paula Rapids,East Roy,MA,79093,262-494-5147,stephanie.campbell@example.invalid
B00079,Dorothy,Cantu,1950-05-07,4497,22526 Griffith Turnpike,Briggsville,OK,56528,421-522-6557,dorothy.cantu@example.invalid
B00080,Rodney,Steele,1956-11-10,1531,523 Barnes Parks Suite 883,Millerchester,NC,76244,313-503-0587,rodney.steele@example.invalid
B00081,Susan,Mccall,2004-11-06,2527,5247 Mary Plaza,Sanchezbury,AR,98411,212-606-5019,susan.mccall@example.invalid
B00082,Charles,Monroe,1961-11-20,9915,25213 Alexander Village,Hernandezburgh,NJ,97960,284-765-7041,charles.monroe@example.invalid
B00083,Eric,Ibarra,1983-10-02,0745,282 Randy Manors,Spencerview,PW,75482,843-624-1862,eric.ibarra@example.invalid
B00084,Julia,Morales,1973-11-07,6826,62891 Woods Shoal,Wilcoxburgh,AR,49191,634-111-5950,julia.morales@example.invalid
B00085,John,Martin,1943-08-21,4950,39043 Danielle Bypass,West Christopher,OK,74530,097-005-1405,john.martin@example.invalid
B00086,Karen,Benjamin,2001-04-26,4874,6521 Russell Streets,New Lindseyberg,AK,77463,679-042-2711,karen.benjamin@example.invalid
B00087,Stephanie,Hall,1998-02-23,7203,228 West Curve,Kellychester,AZ,93924,633-991-2971,stephanie.hall@example.invalid
B00088,Linda,Thomas,1993-08-15,9940,171 Edwards Hill Apt. 149,Michaelland,HI,93647,747-472-1970,linda.thomas@example.invalid
B00089,Michael,Mitchell,1958-06-28,5659,275 Brooks Springs Suite 874,New Tiffanyton,WA,32589,802-146-2961,michael.mitchell@example.invalid
B00090,Jeffrey,Sawyer,1991-03-25,9203,7787 Christopher Street,South Kaylaborough,MO,43587,155-973-7147,jeffrey.sawyer@example.invalid
B00091,Benjamin,Moore,1953-06-08,4383,35909 Brown Valley Suite 673,East Mirandachester,KY,33540,212-146-1476,benjamin.moore@example.invalid
B00092,Alicia,Caldwell,1997-04-05,4755,01654 James Manor Suite 782,Gomezshire,MS,01802,893-199-2550,alicia.caldwell@example.invalid
B00093,Edward,Ellis,1989-10-14,2617,5164 Vanessa Village,Lake Shannon,OR,13273,033-682-9635,edward.ellis@example.invalid
B00094,Jason,Lee,1981-10-24,2611,5044 Holly Run,Gutierrezstad,MI,71603,685-127-6528,jason.lee@example.invalid
B00095,Brooke,Daniels,2003-09-15,5056,6491 Linda Cove Apt. 096,South Karenside,CT,83538,789-046-3378,brooke.daniels@example.invalid
B00096,Patrick,Gonzalez,2003-01-03,7492,57660 Casey Parkways Suite 444,Nuneztown,MH,54837,000-258-9552,patrick.gonzalez@example.invalid
B00097,Susan,Haney,1970-04-19,0829,639 Poole Unions,Andersonfurt,VA,23270,658-263-1281,susan.haney@example.invalid
B00098,Crystal,Mueller,1976-08-20,7711,253 Christopher Mews Apt. 920,New Patrickberg,NH,83661,523-343-8364,crystal.mueller@example.invalid
B00099,Donna,Hill,1976-09-01,2195,091 Stephen Ranch,North Donaldview,MH,24176,117-536-1706,donna.hill@example.invalid
B00100,Charles,Chung,1973-12-12,5996,66572 Kent Fall,North Theresastad,NJ,80979,980-284-1390,charles.chung@example.invalid
B00101,Amanda,Holmes,1945-07-02,3190,51305 Jeffrey Stream,West Joshua,ID,12555,584-776-8634,amanda.holmes@example.invalid
B00102,Gerald,Mcdaniel,1986-09-10,8262,1994 Laura Stravenue Suite 676,Lisaville,PA,50707,639-551-7208,gerald.mcdaniel@example.invalid
B00103,Johnny,Ortiz,1997-09-09,1947,0125 Gibbs Knolls Apt. 135,Dustinmouth,DE,01763,505-379-5381,johnny.ortiz@example.invalid
B00104,Paul,Guzman,1956-02-13,5556,84919 Fleming Mews,Lisaborough,ID,07010,770-461-1729,paul.guzman@example.invalid
B00105,Mark,Reyes,1986-03-07,6577,0907 Anderson Lodge,New Samanthaton,MA,85013,017-164-4556,mark.reyes@example.invalid
B00106,Christopher,Hampton,2004-01-02,5457,064 Snyder Row Apt. 591,East Brandontown,DC,14281,563-213-5800,christopher.hampton@example.invalid
B00107,Jordan,Glover,2000-09-15,8447,41459 Nelson Extension,New Steven,DC,42356,296-718-8397,jordan.glover@example.invalid
B00108,Donna,Bray,1957-06-20,6439,731 Miranda Station Apt. 583,Lake Christian,NM,08400,303-763-7153,donna.bray@example.invalid
B00109,Lisa,Gill,1978-10-11,8352,7281 Jeffery Lakes Suite 798,Port Ricardo,CA,36917,624-912-7113,lisa.gill@example.invalid
B00110,Allen,Murray,2002-12-19,0273,78754 Sara Corner Suite 632,Shawhaven,MA,07468,745-106-6343,allen.murray@example.invalid
B00111,Richard,Wheeler,1987-06-22,9564,610 Susan Forges Apt. 009,Johnside,CT,36606,396-661-3473,richard.wheeler@example.invalid
B00112,George,Harris,1979-12-28,0437,940 Jackson Squares Suite 432,Erinburgh,HI,44037,720-765-0241,george.harris@example.invalid
B00113,George,Wolf,2000-05-21,9464,579 Tracy Gateway,Rodrigueztown,OK,89636,438-822-1145,george.wolf@example.invalid
B00114,Shaun,Navarro,1969-12-02,2794,745 Smith Knoll Suite 589,Rodriguezhaven,VA,84360,026-325-7039,shaun.navarro@example.invalid
B00115,Joyce,Mcpherson,1988-03-27,0518,13614 Archer Wells Apt. 455,Lawrenceview,ME,25479,098-591-6795,joyce.mcpherson@example.invalid
B00116,Keith,Montes,1954-04-01,6862,272 Hanson Shores Apt. 474,Port Kennethmouth,AZ,28986,491-074-0650,keith.montes@example.invalid
B00117,Brendan,Taylor,1959-07-23,8222,821 Thomas Street Apt. 691,Jefferyfort,MI,33102,666-144-9429,brendan.taylor@example.invalid
B00118,Ryan,Liu,2000-12-24,2263,342 Spencer Hollow,Christophershire,SC,60945,826-612-8758,ryan.liu@example.invalid
B00119,Sarah,Marquez,1966-09-11,8610,6766 Johnson Points Apt. 612,Kristinshire,NY,49405,298-940-6260,sarah.marquez@example.invalid
B00120,Steven,Hines,1988-06-06,8735,10415 Lynn Port Suite 501,Lake Jamieberg,OH,97549,723-244-0793,steven.hines@example.invalid
B00121,Danny,Smith,1983-09-12,4332,133 Thomas Village,Myersville,ME,53527,723-849-7916,danny.smith@example.invalid
B00122,Dustin,Smith,2001-04-08,4891,328 Thomas Highway,Elizabethshire,NM,48648,466-176-6204,dustin.smith@example.invalid
B00123,Stephen,Elliott,1968-05-25,3397,409 Williams Knoll,South Nicole,NH,36795,025-883-5868,stephen.elliott@example.invalid
B00124,Bryan,Rios,2002-06-16,4481,957 Joshua Track Suite 617,Estesburgh,OK,93365,884-259-9599,bryan.rios@example.invalid
B00125,Maria,Jones,1976-02-19,6221,231 Victor Springs,Morrisbury,WI,96530,312-661-0941,maria.jones@example.invalid
B00126,Benjamin,Brady,1990-06-25,0690,9025 Holly Lane Apt. 983,West Travis,TX,37999,332-683-1901,benjamin.brady@example.invalid
B00127,James,Patrick,1976-12-03,7248,6981 Lopez Stream,Leeborough,OK,62594,855-982-1766,james.patrick@example.invalid
B00128,Morgan,Carroll,1972-12-16,8825,411 Hall Rapid,Andrewport,MP,33450,651-241-8938,morgan.carroll@example.invalid
B00129,Sarah,Porter,1974-09-23,1790,081 Giles Greens Apt. 056,Jameston,DC,27270,850-371-9905,sarah.porter@example.invalid
B00130,Tina,Dodson,1970-04-02,8701,724 Dalton Parks,Lake Michael,NJ,40270,300-038-9608,tina.dodson@example.invalid
B00131,Timothy,Hughes,1968-11-08,6772,266 Darrell Crest Suite 535,Hullbury,IN,12558,903-689-0030,timothy.hughes@example.invalid
B00132,Chase,Martinez,1982-12-16,2253,0559 Whitney Curve,Mendozaville,TN,10567,148-375-3745,chase.martinez@example.invalid
B00133,Kimberly,Carter,1940-09-06,7794,458 Brian Loop,Ramirezborough,PW,18475,834-831-5203,kimberly.carter@example.invalid
B00134,Holly,Santos,2001-11-07,5263,07044 Evans Corner Apt. 496,Smithfurt,MS,58699,033-626-8040,holly.santos@example.invalid
B00135,Amber,Bailey,1976-11-02,9407,549 Katherine Junctions,Glennton,AS,14815,864-876-9984,amber.bailey@example.invalid
B00136,Francisco,James,1969-09-24,0612,04413 Morgan Locks,New Joshuaview,TN,33336,901-495-4277,francisco.james@example.invalid
B00137,Andre,Smith,1962-07-27,0596,7836 Bethany Common,Pennyside,MD,08895,724-447-2322,andre.smith@example.invalid
B00138,Monica,Douglas,1990-08-06,4743,02879 Williams Stravenue,North Stephanie,KS,34244,058-093-5118,monica.douglas@example.invalid
B00139,Scott,Dixon,1944-01-10,1759,59561 Liu Divide,West Catherinestad,MA,53996,574-902-5042,scott.dixon@example.invalid
B00140,Rhonda,Johnson,1982-05-15,8591,8895 Nicholas Prairie,Lake Jessicafurt,WV,85594,113-989-8681,rhonda.johnson@example.invalid
B00141,Melanie,Rose,2003-03-28,4471,788 Stewart Fields,Rhondamouth,IA,47944,375-137-6515,melanie.rose@example.invalid
B00142,Ann,Jones,1964-02-11,7519,793 Hartman Forks Apt. 836,New Jorge,LA,45271,511-668-2973,ann.jones@example.invalid
B00143,Rachel,Walter,1972-12-06,5524,16487 David Bypass,Johnsonburgh,CA,17852,886-652-6834,rachel.walter@example.invalid
B00144,David,Merritt,1977-10-22,2876,991 Charles Knoll Suite 676,Katherineberg,VA,24546,981-209-9576,david.merritt@example.invalid
B00145,Luke,Thompson,1991-07-17,6568,34750 Mitchell Lights Suite 220,South April,OK,81172,515-421-4477,luke.thompson@example.invalid
B00146,Jeffrey,Jackson,1952-03-05,4065,134 Cody Plaza Apt. 090,North Tracy,GU,03879,534-967-8274,jeffrey.jackson@example.invalid
B00147,Samantha,Moran,1940-05-13,4375,6741 Victoria Street,West Lindabury,VA,10246,528-547-8150,samantha.moran@example.invalid
B00148,Ryan,Randolph,1982-05-19,0188,80032 Wiggins Forges Apt. 472,Cervantesfort,LA,17775,318-306-1789,ryan.randolph@example.invalid
B00149,Jason,Thompson,1973-11-12,1018,496 Dana Orchard Apt. 434,Henryfurt,PA,47310,874-131-4675,jason.thompson@example.invalid
B00150,John,Coleman,1955-08-10,8234,5156 Kim Orchard,Burkebury,AK,38633,483-608-5456,john.coleman@example.invalid
B00151,Peter,Ramos,1979-12-04,4834,0473 Fields Cape Suite 763,New Jamie,SC,14960,995-298-0061,peter.ramos@example.invalid
B00152,Kimberly,Cook,1987-10-08,7835,108 Michael Flat Apt. 863,Lauriestad,MA,54685,383-000-8186,kimberly.cook@example.invalid
B00153,Lacey,Williams,1959-08-24,6814,0330 Brady Via Suite 624,North Charleschester,AK,02433,892-196-3945,lacey.williams@example.invalid
B00154,Ronald,Paul,2000-09-26,3579,7314 Bennett Meadow Apt. 368,Timothyside,NY,32563,607-658-1739,ronald.paul@example.invalid
B00155,Theresa,Sanders,1971-11-25,1342,5791 Cook Valleys,North Annborough,VI,64701,931-269-7893,theresa.sanders@example.invalid
B00156,Brian,Snyder,1997-09-23,9244,5205 Savage Grove Apt. 878,Edwardsbury,MD,60973,788-116-1620,brian.snyder@example.invalid
B00157,Fernando,Goodman,1954-01-27,8282,71067 Connie Pine,Taylorside,MT,52851,041-644-8595,fernando.goodman@example.invalid
B00158,Anne,Martin,1965-10-18,5376,395 Kennedy Fords Suite 228,Smithchester,HI,20207,710-433-1875,anne.martin@example.invalid
B00159,Cody,Weber,1996-02-22,9555,58350 Joshua View,Silvaport,MN,82355,648-831-9213,cody.weber@example.invalid
B00160,Joshua,Baker,2002-02-17,0912,89659 Levy Street,Clarktown,WY,30887,319-222-7051,joshua.baker@example.invalid
B00161,Paula,Williams,1998-03-17,9240,7548 John Lock Suite 675,Marymouth,NC,10750,932-426-8774,paula.williams@example.invalid
B00162,Gina,Grant,1947-09-15,5050,520 Wyatt Trail Suite 639,South Neil,WA,01899,375-830-9451,gina.grant@example.invalid
B00163,Rhonda,Moon,1942-07-09,3571,404 Sanders Square,Joshuaton,OK,04489,797-727-8105,rhonda.moon@example.invalid
B00164,Anthony,Shannon,1949-01-14,1045,221 Flowers Crest,South Danaton,MD,13277,843-905-5295,anthony.shannon@example.invalid
B00165,Zachary,Shepard,1947-02-16,6699,0138 Jessica Corner Apt. 704,Lake William,HI,83771,044-851-5791,zachary.shepard@example.invalid
B00166,Ashlee,Ford,1963-03-25,6888,21259 Katie Turnpike,East Danamouth,CO,95433,343-240-6424,ashlee.ford@example.invalid
B00167,Donald,Stewart,1987-07-15,1315,43244 Baker Overpass,Bethstad,WI,84626,872-096-2893,donald.stewart@example.invalid
B00168,Victoria,Hamilton,1957-11-28,2925,58841 Jonathan Mountain Suite 018,South Donald,OR,42836,596-905-1502,victoria.hamilton@example.invalid
B00169,Robert,Cook,1990-09-05,0057,54278 Karen Mill,Watkinschester,VA,52842,734-595-7640,robert.cook@example.invalid
B00170,Tara,Rich,1942-05-15,8921,6496 Frank Expressway,Oliviahaven,ID,74948,225-014-2576,tara.rich@example.invalid
B00171,Frederick,Smith,1994-09-13,7547,24412 Michaela Mews,Lake Johnside,PR,49555,072-517-8637,frederick.smith@example.invalid
B00172,Elizabeth,Guerra,1984-03-09,1849,62526 Villanueva Viaduct,Carlsonside,CA,45965,790-392-3555,elizabeth.guerra@example.invalid
B00173,Walter,Smith,1944-11-14,0257,32730 Kevin Course Suite 626,West Larry,TX,63501,046-226-8171,walter.smith@example.invalid
B00174,Michael,Oconnor,1970-04-03,0551,25298 Parks Branch Suite 660,Ronaldville,PA,59518,857-585-1268,michael.oconnor@example.invalid
B00175,Katherine,Berg,1997-10-22,0798,05943 Graham Mountain,Billfort,NH,48618,095-465-4084,katherine.berg@example.invalid
B00176,Guy,Kelly,1971-12-02,3840,5409 Michael Camp,Wrightland,ND,12896,227-645-7938,guy.kelly@example.invalid
B00177,Ashley,Williams,1967-01-05,3837,0291 Hunt Stream Apt. 546,Johnsonview,VA,86077,161-394-4988,ashley.williams@example.invalid
B00178,Melissa,Sanchez,1980-10-20,5254,9736 Burgess Tunnel,West Walter,AZ,79750,624-406-3062,melissa.sanchez@example.invalid
B00179,Joshua,Ford,1970-05-05,3622,33053 Cheryl Stream Suite 969,Amberfort,OH,02148,555-572-7738,joshua.ford@example.invalid
B00180,Heidi,Chambers,1992-05-09,9694,0917 Miller Summit Suite 445,Craigtown,FL,82403,929-596-6048,heidi.chambers@example.invalid
B00181,Julie,Fritz,1962-11-22,8121,269 Collin Forge Apt. 194,Port Erik,WI,96768,686-536-9455,julie.fritz@example.invalid
B00182,Crystal,Beck,1946-06-21,8593,886 Michele Park Suite 472,South Keith,ND,44286,721-696-6630,crystal.beck@example.invalid
B00183,Christine,Taylor,1980-12-14,4914,960 Bishop Expressway,Cohenstad,AK,97882,968-832-7532,christine.taylor@example.invalid
B00184,Thomas,Marquez,1988-03-25,3949,2410 Becky Mount,Lake Carrie,IA,23684,781-952-3710,thomas.marquez@example.invalid
B00185,Kaitlyn,Fleming,1968-05-28,7587,761 Rosario Stravenue Apt. 980,Castilloton,LA,52719,056-876-1124,kaitlyn.fleming@example.invalid
B00186,Katherine,Riley,1947-09-14,8684,256 Thomas Gardens,Clarkville,MA,84653,177-345-4757,katherine.riley@example.invalid
B00187,Holly,Carroll,1957-07-08,5412,28403 Elliott Station,Kristopherburgh,OK,83586,477-422-2946,holly.carroll@example.invalid
B00188,Jonathan,Perez,1950-08-28,8776,429 Jordan Stravenue,Woodsburgh,MI,84891,298-585-6728,jonathan.perez@example.invalid
B00189,Timothy,Webb,1964-01-09,9912,15343 Edward Rest Apt. 357,Hudsontown,MP,98314,833-506-1581,timothy.webb@example.invalid
B00190,Joseph,Nixon,1945-02-07,9157,79833 Robles Falls,East Hannah,NH,23757,094-841-3128,joseph.nixon@example.invalid
B00191,Kevin,Clark,1967-08-07,0252,977 Amanda Tunnel,West Kristyland,ID,63192,171-731-8939,kevin.clark@example.invalid
B00192,Tony,Hudson,1967-04-24,7847,73997 Johnathan Lodge Suite 725,Palmerport,KS,70256,354-884-7127,tony.hudson@example.invalid
B00193,Adam,Barry,1971-12-20,6499,2216 Davis Wall Suite 582,Port Daniel,IN,28447,484-587-1493,adam.barry@example.invalid
B00194,Ashley,Moore,1970-09-11,6237,62292 Frye Mountains,Chanview,IN,34953,745-245-5574,ashley.moore@example.invalid
B00195,Ronald,Long,1999-09-21,4286,60652 Wang Brook Apt. 344,Andrewchester,WY,50623,588-339-8741,ronald.long@example.invalid
B00196,Charles,Martin,1986-09-16,7693,970 Watts Squares Suite 349,Brownton,SC,45418,485-741-7215,charles.martin@example.invalid
B00197,Tiffany,Oconnor,1980-04-12,0750,94938 Samuel Islands,Angelaport,UT,03365,215-573-2573,tiffany.oconnor@example.invalid
B00198,Steven,Cook,1968-12-05,9066,9021 Simmons Valley Suite 080,Allenchester,AZ,66589,587-495-1191,steven.cook@example.invalid
B00199,Terri,Norman,1993-05-05,3769,197 Karen Trafficway,Meyersmouth,NV,97354,251-295-7860,terri.norman@example.invalid
B00200,Richard,Carter,1988-10-27,9022,03562 Foley Prairie Suite 873,Patriciashire,FL,25253,234-210-8902,richard.carter@example.invalid
B00201,Amber,Blevins,1983-05-25,8038,3334 Roger Groves Apt. 350,South David,MS,03833,736-077-6336,amber.blevins@example.invalid
B00202,Brittany,Martinez,1998-03-24,2294,981 Katherine Crest,Yangstad,WA,42035,633-185-7481,brittany.martinez@example.invalid
B00203,Sierra,Smith,2002-03-18,8585,6155 Copeland Mews Suite 316,Smithview,VA,85351,502-329-0282,sierra.smith@example.invalid
B00204,Donald,Harrison,1944-02-27,0105,93459 Morrow Manor,East Sharon,FL,97752,251-207-3465,donald.harrison@example.invalid
B00205,Regina,Baker,1992-03-27,1114,05070 Robin Cape Suite 982,North Alexis,MH,29690,161-177-6872,regina.baker@example.invalid
B00206,Melody,Pacheco,1959-01-07,6115,7742 Douglas Lakes,South Trevorshire,ID,16994,382-231-1649,melody.pacheco@example.invalid
B00207,Daniel,Perez,1947-10-21,7917,457 Wolf Curve,Robertberg,OR,97023,060-320-2032,daniel.perez@example.invalid
B00208,Randy,Smith,2002-01-01,6740,5396 Haney Motorway Suite 871,Dianahaven,MA,44705,245-787-1584,randy.smith@example.invalid
B00209,Bryan,Diaz,1941-01-17,8778,213 Greer Crest,Davidstad,ME,59819,681-826-8323,bryan.diaz@example.invalid
B00210,Kimberly,Gonzalez,1976-01-17,7055,929 Lauren Lake Apt. 825,North Erin,SC,83641,932-896-3406,kimberly.gonzalez@example.invalid
B00211,Kenneth,Santana,1962-02-04,3949,7524 Charles Station Suite 399,North Karinaberg,FL,63537,236-266-9335,kenneth.santana@example.invalid
B00212,Chad,Richmond,1964-10-17,5808,61923 Thomas Harbor Suite 018,Alexandriafort,IN,87063,741-897-2154,chad.richmond@example.invalid
B00213,Stefanie,Williams,1974-07-03,7521,76927 Walker Cove Apt. 995,Port Melissa,NM,92460,660-144-4856,stefanie.williams@example.invalid
B00214,Elizabeth,King,1971-12-08,1321,01739 Walker Mews Suite 178,Obrienfurt,AZ,79362,191-911-3599,elizabeth.king@example.invalid
B00215,Robert,Long,1944-02-13,9056,7798 Shelby Via,Caldwelltown,IL,74809,205-146-0745,robert.long@example.invalid
B00216,Loretta,Cooper,2000-01-21,2808,7057 Mack Estates,New Kelli,OH,85473,565-271-5598,loretta.cooper@example.invalid
B00217,Jodi,Huff,1950-08-28,5428,4116 Howell Route,Port Patrick,KS,93220,755-752-2501,jodi.huff@example.invalid
B00218,James,Collins,1952-09-02,9287,826 James Course Suite 425,Randyfurt,CT,97007,499-153-7038,james.collins@example.invalid
B00219,Eric,Haney,2000-05-02,4594,3333 Wong Forge,North Kenneth,AK,80745,776-889-3628,eric.haney@example.invalid
B00220,Beverly,Burton,1944-03-28,3395,454 Wood Freeway Suite 851,West Michelle,UT,32862,892-187-8519,beverly.burton@example.invalid
B00221,Jeremy,Bailey,1958-12-27,1261,4907 Crawford Mews,East Andrewmouth,OH,85734,057-215-1494,jeremy.bailey@example.invalid
B00222,Stacey,Luna,1978-03-19,6376,2637 Ryan Spring Suite 539,Thomasside,TX,77423,509-059-1191,stacey.luna@example.invalid
B00223,Alyssa,Cross,1982-07-25,1285,92207 Martin Court,Berryfurt,AS,53922,672-521-4526,alyssa.cross@example.invalid
B00224,Natasha,Porter,2004-12-12,7162,6335 Matthew Terrace,New Jonathanton,OH,08253,512-080-0564,natasha.porter@example.invalid
B00225,Anthony,Stein,1969-02-11,9759,23972 Theresa Court Apt. 959,South Jasmine,FM,23765,827-090-8144,anthony.stein@example.invalid
B00226,Daniel,Vega,1990-06-01,7382,73929 Pace Shoals,Bowersville,TN,73175,153-523-7360,daniel.vega@example.invalid
B00227,Michael,Rangel,2002-04-12,7076,918 Elizabeth Islands Suite 834,Derekborough,LA,82596,666-617-0715,michael.rangel@example.invalid
B00228,Anna,Lynch,1963-11-19,1405,4080 Stacey Inlet Apt. 508,North Tammyfurt,ID,46607,806-882-8503,anna.lynch@example.invalid
B00229,Corey,Dodson,1977-04-23,4391,513 Clark Route,North Sandraborough,MH,90860,140-352-6356,corey.dodson@example.invalid
B00230,Bradley,Thomas,1959-07-23,6384,469 Harris Wells,Roberttown,MT,54717,643-749-0607,bradley.thomas@example.invalid
B00231,David,Norris,1980-06-04,5051,112 Jones Plain,Garyview,TX,94220,648-449-4116,david.norris@example.invalid
B00232,Mackenzie,Henson,1996-06-25,2171,732 Taylor Coves,East Benjaminfurt,HI,11459,136-957-2790,mackenzie.henson@example.invalid
B00233,Elizabeth,Gordon,1951-03-14,9089,50902 Villarreal Glen,West Steven,MH,84929,066-248-1323,elizabeth.gordon@example.invalid
B00234,Matthew,Griffith,2005-07-04,5799,1398 Hawkins Divide,Brianland,MT,68402,809-255-0213,matthew.griffith@example.invalid
B00235,Adam,Smith,1951-10-20,6312,9130 Andrew View,Pinedafurt,LA,90365,967-379-4577,adam.smith@example.invalid
B00236,Samantha,Hernandez,1941-05-14,1388,24264 Micheal Brooks Suite 420,Jenkinsside,PR,30252,625-366-6777,samantha.hernandez@example.invalid
B00237,Stephanie,Ford,1971-10-17,6238,6283 Jay Field Apt. 957,Brooksport,IL,51989,271-874-9603,stephanie.ford@example.invalid
B00238,Jeff,Arnold,1961-03-09,8080,686 Sherry Burg,South Ashley,HI,36325,926-932-6573,jeff.arnold@example.invalid
B00239,Miranda,Anderson,1958-02-06,6900,9980 Kristin Corner Apt. 005,West Sarahstad,ID,97964,234-159-5977,miranda.anderson@example.invalid
B00240,Matthew,Thompson,1978-08-26,4124,82226 Amanda River Suite 288,Gravesview,UT,33189,127-102-6767,matthew.thompson@example.invalid
B00241,George,Smith,1971-12-21,3204,9927 Tara Skyway Suite 515,East Dennisport,TX,52093,213-541-5970,george.smith@example.invalid
B00242,Christy,Garza,1998-02-05,6484,4384 Tracy Expressway,Lake Johnport,KS,59343,650-471-5802,christy.garza@example.invalid
B00243,Monica,House,1982-10-13,5485,904 Gonzalez Mountains,Priceview,UT,49671,558-665-2548,monica.house@example.invalid
B00244,James,Campbell,1995-11-20,5254,1581 Lisa Valley,East Charlesstad,CA,20686,931-100-5912,james.campbell@example.invalid
B00245,Brandi,Sheppard,1965-08-11,5229,519 Brian Dam Apt. 121,North Ryanbury,IL,07054,165-837-3792,brandi.sheppard@example.invalid
B00246,Taylor,Dennis,1977-12-23,9436,2801 Terri Greens,New Barbara,ID,92247,113-253-2694,taylor.dennis@example.invalid
B00247,Carolyn,Hunter,1971-06-13,6438,64538 Diana Springs Suite 421,North Troyton,RI,99545,617-015-9591,carolyn.hunter@example.invalid
B00248,Ashley,Acosta,1986-02-19,8940,5757 Hines Island Apt. 392,Lake Michaelmouth,FM,61009,567-772-2660,ashley.acosta@example.invalid
B00249,Morgan,Kramer,1963-11-25,7564,265 Ryan Viaduct Apt. 292,North Allen,NJ,20148,453-076-2484,morgan.kramer@example.invalid
B00250,Jeremy,Tucker,1966-08-26,1134,6270 Ali Cliff Suite 794,East April,NM,28865,670-425-4969,jeremy.tucker@example.invalid
B00251,David,Anderson,1992-11-16,4962,5259 Brown Mission Suite 633,Haleymouth,SC,62915,485-953-2593,david.anderson@example.invalid
B00252,Jean,Lynch,1970-05-22,6933,9705 Patrick Drive,Christopherfort,NH,79484,417-634-2507,jean.lynch@example.invalid
B00253,John,Schultz,1988-02-15,9540,9782 Frye Oval Suite 983,New Cassie,LA,96631,038-843-6604,john.schultz@example.invalid
B00254,Jose,Thomas,1991-09-17,8908,61572 Garrett Point,New Sean,MD,14623,474-397-4292,jose.thomas@example.invalid
B00255,Marcus,Smith,1944-06-23,1393,8752 Decker Lane,Lake Ryanmouth,MO,23831,590-459-9080,marcus.smith@example.invalid
B00256,Jennifer,Reeves,1953-04-22,2726,12218 Shelby Freeway Apt. 555,South Matthewland,NM,53003,808-662-8137,jennifer.reeves@example.invalid
B00257,Erik,Farmer,1945-10-21,6548,30800 Timothy Canyon Apt. 322,Marcusfurt,AK,67380,470-681-0390,erik.farmer@example.invalid
B00258,Jason,Aguilar,1982-07-04,4240,1958 Randy Drive,Lake Julieport,KY,73411,586-239-4535,jason.aguilar@example.invalid
B00259,Rachael,Long,1968-09-24,9512,0798 Harris Creek Apt. 613,Port Ashley,WA,39640,394-570-3943,rachael.long@example.invalid
B00260,William,Collins,1968-08-12,9644,53765 Joyce Rapids,South Timothy,PA,37901,319-100-9004,william.collins@example.invalid
B00261,Sarah,Turner,2004-03-12,1713,921 Micheal Rue Apt. 651,Roberttown,ME,05087,142-473-1072,sarah.turner@example.invalid
B00262,Alexis,Miller,1977-07-03,2322,9844 Jacqueline Neck,Lake Heatherborough,CA,52607,600-767-6209,alexis.miller@example.invalid
B00263,Phyllis,Douglas,1984-05-11,3390,473 Johnson Groves Apt. 370,Port Annachester,OH,92637,730-451-9577,phyllis.douglas@example.invalid
B00264,Amy,Brooks,2001-06-16,7413,882 Moss Key Suite 296,Taylorstad,WI,38832,278-656-1942,amy.brooks@example.invalid
B00265,Marvin,Howard,1980-02-10,1886,8205 Carol Plains Apt. 923,Millerchester,FM,15165,880-819-0482,marvin.howard@example.invalid
B00266,Jodi,Sutton,1942-06-21,2693,1558 Mills Viaduct Suite 395,Wattsville,IN,84448,723-081-7214,jodi.sutton@example.invalid
B00267,John,Sullivan,1971-09-06,5423,130 Anthony Crest,East Maria,TX,09851,147-165-6094,john.sullivan@example.invalid
B00268,Matthew,Brooks,1994-08-08,3023,9979 Erin Bypass Suite 550,Jackiefurt,WV,71151,169-957-0607,matthew.brooks@example.invalid
B00269,Katherine,Miller,1963-11-22,0479,113 Shawn Summit Suite 397,West Kylemouth,IL,80942,610-290-8718,katherine.miller@example.invalid
B00270,Howard,Hill,1965-08-19,0073,049 Helen Overpass Apt. 742,West Carolynchester,DE,90522,213-773-0626,howard.hill@example.invalid
B00271,Bradley,White,1967-04-09,1026,973 Stokes Crescent Apt. 222,South Tylerchester,AK,93353,858-167-0468,bradley.white@example.invalid
B00272,Jacqueline,Jones,1953-09-06,3229,5768 Rebecca Wells,North Andrew,CO,75267,237-858-4712,jacqueline.jones@example.invalid
B00273,Brandi,Wilson,1998-02-09,8020,32426 Nathan Pass,North Aliciaview,OR,70037,042-537-3377,brandi.wilson@example.invalid
B00274,Timothy,Garcia,1980-10-13,9618,812 Michaela Drive Apt. 781,East Courtney,MT,82502,534-606-0560,timothy.garcia@example.invalid
B00275,James,Barber,1954-06-12,2827,7932 Mendez Turnpike Suite 239,Tylerland,NE,79120,061-812-0546,james.barber@example.invalid
B00276,Juan,Santos,1978-10-19,2195,8954 Dixon Lights Apt. 751,Hesterside,NC,81289,144-449-8355,juan.santos@example.invalid
B00277,Rebecca,Knight,1980-02-08,3000,3586 Baker Manors Apt. 924,Lake Gina,VT,71643,853-798-2143,rebecca.knight@example.invalid
B00278,Jamie,Tyler,1987-12-05,6853,75367 Randolph Mount Suite 249,West Davidfurt,GU,72680,601-347-7894,jamie.tyler@example.invalid
B00279,William,Fisher,1957-10-13,7974,67917 Hughes Crest Apt. 215,North Melanieview,CT,72392,842-163-0900,william.fisher@example.invalid
B00280,Daniel,Davila,1962-09-06,2299,6333 Reilly Knoll Apt. 208,Kathrynburgh,AS,50737,389-021-9947,daniel.davila@example.invalid
B00281,David,Sanchez,1963-06-27,0879,37922 Joshua Alley Apt. 469,Griffinbury,CT,11248,677-269-6084,david.sanchez@example.invalid
B00282,Jamie,Nunez,1985-01-16,6291,550 Romero Loaf Suite 935,Lake Chris,MP,92111,626-335-5643,jamie.nunez@example.invalid
B00283,Jennifer,Roach,2004-11-16,8057,709 Debbie Circles Suite 069,Michaeltown,NM,57686,761-645-3454,jennifer.roach@example.invalid
B00284,Timothy,Jackson,1993-12-27,2741,65031 Christopher Square,West Christianview,NV,20034,426-423-6428,timothy.jackson@example.invalid
B00285,Carl,Wiggins,1950-10-01,4786,248 Mcmahon Expressway,North Lindsey,ID,79489,111-428-1785,carl.wiggins@example.invalid
B00286,Jennifer,Hernandez,1944-05-08,2756,05248 Vincent Centers,Taylorton,NJ,20936,239-594-7372,jennifer.hernandez@example.invalid
B00287,Jennifer,Reeves,1998-10-24,8116,901 Taylor Heights,Ricefort,TX,99363,688-687-8599,jennifer.reeves@example.invalid
B00288,Jennifer,Curry,2005-02-19,8899,628 Martinez Camp Apt. 195,Darrellchester,MS,49776,450-573-0362,jennifer.curry@example.invalid
B00289,Shannon,Garza,1986-09-27,7232,463 Allen Forks,Kingfurt,NH,93940,753-726-0321,shannon.garza@example.invalid
B00290,Kenneth,Brown,1967-07-04,4056,6194 Nicholson Plaza Suite 071,Markport,NY,22251,012-840-0838,kenneth.brown@example.invalid
B00291,Nathan,West,1978-01-15,1426,759 Mitchell Center Apt. 776,Lake Kimberlyshire,NY,09320,265-742-2319,nathan.west@example.invalid
B00292,Patrick,Foster,1996-02-25,9633,40236 Robert Views,South Amy,KS,28106,012-047-1372,patrick.foster@example.invalid
B00293,Sandy,Snyder,1984-12-20,2720,759 Jefferson Green,Crystalmouth,NC,20895,984-933-0674,sandy.snyder@example.invalid
B00294,Mark,Hicks,1957-04-27,0973,609 Solis Glens Apt. 283,East Steven,FL,13424,885-666-9541,mark.hicks@example.invalid
B00295,John,Dean,1984-09-09,2759,0666 Robert Burgs,Sharonville,ME,31392,776-936-6343,john.dean@example.invalid
B00296,Cheryl,Martin,1981-12-10,4381,596 Craig Corner,East Amberfort,MH,12600,200-720-2455,cheryl.martin@example.invalid
B00297,Elizabeth,Miller,2005-11-27,6744,5109 Vanessa Ridges,Port Sandraburgh,MH,51732,714-949-8194,elizabeth.miller@example.invalid
B00298,Dillon,Ford,1947-05-28,2175,81793 Johnson Walk Suite 277,Stephanieport,LA,86155,663-453-3722,dillon.ford@example.invalid
B00299,Benjamin,Brown,1971-03-23,4056,17221 Townsend Spurs,Bethfort,NE,54224,189-437-0526,benjamin.brown@example.invalid
B90000,Stephanie,Nilsen,1968-08-19,0107,570 Sarah Wells,Johnbury,FM,74865,117-182-2782,stephanie.nielsen@example.invalid
B90001,Bernard,Miller,1977-11-20,3151,3534 Anderson Rue Suite 751 #1,South Christineshire,CT,10103,838-425-1354,bernard.miller@example.invalid
B80000,Mark,Anderson,2005-03-15,0961,691 Different Ave,Austin,TX,92890,475-842-7786,mark.anderson@example.invalid
B80001,Justin,Williams,2005-04-08,0932,748 Different Ave,Boulder,CO,22202,612-727-5558,justin.williams@example.invalid
